"Angle of incidence, deg.","P-polarized","S-polarized","Non-polarized"
0,0.08458182045876458,0.08458182045876458,0.08458182045876458
0.1,0.08458153735131926,0.0845821035665961,0.08458182045895768
0.2,0.08458068802801459,0.08458295289569488,0.08458182046185474
0.30000000000000004,0.08457927248594409,0.08458436846287315,0.08458182047440863
0.4,0.08457729072026424,0.08458635029615208,0.08458182050820816
0.5,0.08457474272419457,0.08458889843476255,0.08458182057947856
0.6,0.08457162848901859,0.08459201292914632,0.08458182070908246
0.7,0.0845679480040847,0.08459569384095741,0.08458182092252106
0.7999999999999999,0.08456370125680703,0.08459994124306415,0.08458182124993559
0.8999999999999999,0.08455888823266679,0.08460475521955176,0.08458182172610927
0.9999999999999999,0.08455350891521404,0.08461013586572412,0.08458182239046907
1.0999999999999999,0.08454756328606873,0.08461608328810737,0.08458182328708805
1.2,0.08454105132492315,0.08462259760445286,0.08458182446468801
1.3,0.08453397300954381,0.08462967894374104,0.08458182597664243
1.4000000000000001,0.08452632831577321,0.08463732744618506,0.08458182788097914
1.5000000000000002,0.08451811721753308,0.08464554326323512,0.0845818302403841
1.6000000000000003,0.08450933968682663,0.08465432655758341,0.08458183312220502
1.7000000000000004,0.0844999956937409,0.0846636775031689,0.0845818365984549
1.8000000000000005,0.0844900852064509,0.0846735962851826,0.08458184074581676
1.9000000000000006,0.08447960819122158,0.08468408310007333,0.08458184564564745
2.0000000000000004,0.08446856461241242,0.08469513815555375,0.08458185138398308
2.1000000000000005,0.08445695443248015,0.08470676167060655,0.08458185805154335
2.2000000000000006,0.08444477761198316,0.0847189538754916,0.08458186574373738
2.3000000000000007,0.08443203410958505,0.08473171501175251,0.08458187456066879
2.400000000000001,0.0844187238820594,0.08474504533222413,0.08458188460714176
2.500000000000001,0.08440484688429356,0.08475894510104091,0.08458189599266724
2.600000000000001,0.08439040306929393,0.08477341459364388,0.0845819088314689
2.700000000000001,0.0843753923881902,0.08478845409679012,0.08458192324249016
2.800000000000001,0.0843598147902408,0.084804063908561,0.08458193934940089
2.9000000000000012,0.08434367022283785,0.08482024433837156,0.0845819572806047
3.0000000000000013,0.08432695863151281,0.08483699570697974,0.08458197716924627
3.1000000000000014,0.08430967995994199,0.08485431834649657,0.08458199915321928
3.2000000000000015,0.0842918341499523,0.08487221260039601,0.08458202337517415
3.3000000000000016,0.08427342114152747,0.08489067882352576,0.08458204998252661
3.4000000000000017,0.08425444087281433,0.08490971738211787,0.0845820791274661
3.5000000000000018,0.08423489328012898,0.08492932865380025,0.08458211096696461
3.600000000000002,0.08421477829796373,0.0849495130276081,0.08458214566278591
3.700000000000002,0.08419409585899389,0.08497027090399573,0.08458218338149481
3.800000000000002,0.08417284589408473,0.08499160269484923,0.08458222429446699
3.900000000000002,0.08415102833229916,0.08501350882349845,0.0845822685778988
4.000000000000002,0.08412864310090452,0.08503598972473086,0.08458231641281769
4.100000000000001,0.08410569012538101,0.08505904584480407,0.08458236798509254
4.200000000000001,0.0840821693294292,0.08508267764146,0.0845824234854446
4.300000000000001,0.0840580806349784,0.0851068855839387,0.08458248310945854
4.4,0.08403342396219467,0.08513167015299293,0.0845825470575938
4.5,0.08400819922948967,0.08515703184090279,0.08458261553519622
4.6,0.08398240635352953,0.08518297115149079,0.08458268875251015
4.699999999999999,0.08395604524924347,0.08520948860013751,0.0845827669246905
4.799999999999999,0.08392911582983334,0.08523658471379704,0.0845828502718152
4.899999999999999,0.08390161800678281,0.08526426003101377,0.0845829390188983
4.999999999999998,0.08387355168986727,0.08529251510193812,0.0845830333959027
5.099999999999998,0.0838449167871636,0.08532135048834408,0.08458313363775384
5.1999999999999975,0.08381571320505993,0.08535076676364635,0.08458323998435313
5.299999999999997,0.08378594084826678,0.08538076451291753,0.08458335268059215
5.399999999999997,0.08375559961982659,0.08541134433290672,0.08458347197636665
5.4999999999999964,0.08372468942112547,0.08544250683205708,0.08458359812659128
5.599999999999996,0.08369321015190323,0.08547425263052538,0.0845837313912143
5.699999999999996,0.08366116171026533,0.08550658236020024,0.0845838720352328
5.799999999999995,0.08362854399269425,0.08553949666472219,0.08458402032870821
5.899999999999995,0.08359535689406061,0.08557299619950301,0.08458417654678181
5.999999999999995,0.08356160030763596,0.08560708163174588,0.08458434096969092
6.099999999999994,0.08352727412510408,0.08564175364046625,0.08458451388278516
6.199999999999994,0.08349237823657384,0.0856770129165124,0.08458469557654312
6.299999999999994,0.08345691253059187,0.08571286016258657,0.08458488634658923
6.399999999999993,0.08342087689415519,0.0857492960932668,0.08458508649371099
6.499999999999993,0.08338427121272432,0.08578632143502882,0.08458529632387657
6.5999999999999925,0.08334709537023668,0.08582393692626841,0.08458551614825255
6.699999999999992,0.08330934924912042,0.08586214331732395,0.08458574628322219
6.799999999999992,0.08327103273030771,0.08590094137049945,0.08458598705040357
6.8999999999999915,0.08323214569324926,0.08594033186008837,0.08458623877666882
6.999999999999991,0.08319268801592854,0.085980315572397,0.08458650179416277
7.099999999999991,0.08315265957487612,0.08602089330576887,0.0845867764403225
7.19999999999999,0.08311206024518475,0.08606206587060936,0.08458706305789705
7.29999999999999,0.08307088990052444,0.08610383408941019,0.08458736199496732
7.39999999999999,0.08302914841315742,0.08614619879677538,0.0845876736049664
7.499999999999989,0.08298683565395432,0.08618916083944615,0.08458799824670024
7.599999999999989,0.08294395149240927,0.08623272107632801,0.08458833628436864
7.699999999999989,0.0829004957966568,0.08627688037851605,0.08458868808758643
7.799999999999988,0.08285646843348735,0.08632163962932249,0.08458905403140492
7.899999999999988,0.08281186926836483,0.08636699972430346,0.08458943449633415
7.999999999999988,0.0827666981654426,0.08641296157128707,0.08458982986836483
8.099999999999987,0.08272095498758114,0.08645952609040064,0.08459024053899089
8.199999999999987,0.08267463959636517,0.08650669421409979,0.08459066690523248
8.299999999999986,0.08262775185212191,0.08655446688719656,0.08459110936965925
8.399999999999986,0.08258029161393843,0.0866028450668886,0.08459156834041351
8.499999999999986,0.08253225873968001,0.08665182972278909,0.08459204423123455
8.599999999999985,0.08248365308600894,0.08670142183695598,0.08459253746148246
8.699999999999985,0.08243447450840286,0.08675162240392278,0.08459304845616282
8.799999999999985,0.08238472286117447,0.08680243243072866,0.08459357764595157
8.899999999999984,0.08233439799749016,0.08685385293695008,0.08459412546722012
8.999999999999984,0.08228349976939033,0.08690588495473162,0.08459469236206096
9.099999999999984,0.08223202802780873,0.08695852952881826,0.08459527877831349
9.199999999999983,0.08217998262259303,0.08701178771658719,0.0845958851695901
9.299999999999983,0.0821273634025253,0.08706566058808077,0.08459651199530303
9.399999999999983,0.08207417021534284,0.08712014922603932,0.08459715972069108
9.499999999999982,0.08202040290775899,0.08717525472593429,0.08459782881684663
9.599999999999982,0.08196606132548508,0.08723097819600265,0.08459851976074387
9.699999999999982,0.08191114531325167,0.0872873207572802,0.08459923303526592
9.799999999999981,0.08185565471483046,0.0873442835436371,0.08459996912923379
9.89999999999998,0.08179958937305737,0.08740186770181216,0.08460072853743476
9.99999999999998,0.08174294912985426,0.0874600743914484,0.08460151176065134
10.09999999999998,0.08168573382625231,0.08751890478512893,0.08460231930569062
10.19999999999998,0.08162794330241571,0.08757836006841306,0.08460315168541438
10.29999999999998,0.08156957739766398,0.08763844143987284,0.08460400941876842
10.399999999999979,0.08151063595049732,0.08769915011113015,0.08460489303081373
10.499999999999979,0.08145111879861976,0.08776048730689405,0.0846058030527569
10.599999999999978,0.0813910257789642,0.08782245426499874,0.08460674002198147
10.699999999999978,0.0813303567277173,0.08788505223644132,0.0846077044820793
10.799999999999978,0.0812691114803443,0.08794828248542116,0.08460869698288273
10.899999999999977,0.08120728987161498,0.08801214628937828,0.08460971808049664
10.999999999999977,0.0811448917356293,0.08807664493903306,0.08461076833733118
11.099999999999977,0.08108191690584388,0.08814177973842612,0.084611848322135
11.199999999999976,0.08101836521509788,0.08820755200495897,0.08461295861002843
11.299999999999976,0.08095423649564092,0.08827396306943376,0.08461409978253734
11.399999999999975,0.08088953057915933,0.0883410142760955,0.08461527242762742
11.499999999999975,0.08082424729680444,0.08840870698267303,0.08461647713973874
11.599999999999975,0.08075838647922023,0.088477042560421,0.08461771451982061
11.699999999999974,0.0806919479565718,0.0885460223941624,0.08461898517536709
11.799999999999974,0.08062493155857377,0.08861564788233135,0.08462028972045256
11.899999999999974,0.08055733711451986,0.08868592043701642,0.08462162877576815
11.999999999999973,0.08048916445331163,0.08875684148400413,0.08462300296865788
12.099999999999973,0.08042041340348877,0.0888284124628234,0.08462441293315609
12.199999999999973,0.08035108379325899,0.08890063482678955,0.08462585931002427
12.299999999999972,0.08028117545052878,0.08897351004304996,0.08462734274678937
12.399999999999972,0.08021068820293413,0.08904703959262865,0.08462886389778139
12.499999999999972,0.08013962187787187,0.089121224970473,0.08463042342417243
12.599999999999971,0.08006797630253155,0.08919606768549947,0.08463202199401551
12.69999999999997,0.07999575130392725,0.08927156926064042,0.08463366028228383
12.79999999999997,0.07992294670893026,0.08934773123289125,0.08463533897091075
12.89999999999997,0.0798495623443018,0.08942455515335829,0.08463705874883004
12.99999999999997,0.07977559803672661,0.08950204258730651,0.08463882031201655
13.09999999999997,0.07970105361284632,0.08958019511420828,0.0846406243635273
13.199999999999969,0.0796259288992938,0.08965901432779178,0.0846424716135428
13.299999999999969,0.07955022372272731,0.08973850183609122,0.08464436277940926
13.399999999999968,0.07947393790986598,0.08981865926149597,0.08464629858568098
13.499999999999968,0.0793970712875248,0.08989948824080131,0.08464827976416306
13.599999999999968,0.07931962368265047,0.08998099042525881,0.08465030705395464
13.699999999999967,0.07924159492235773,0.09006316748062794,0.08465238120149284
13.799999999999967,0.07916298483396604,0.09014602108722714,0.0846545029605966
13.899999999999967,0.07908379324503628,0.09022955293998673,0.08465667309251151
13.999999999999966,0.07900401998340914,0.09031376474850068,0.08465889236595492
14.099999999999966,0.07892366487724208,0.09039865823708039,0.08466116155716123
14.199999999999966,0.07884272775504858,0.09048423514480754,0.08466348144992805
14.299999999999965,0.07876120844573663,0.09057049722558856,0.0846658528356626
14.399999999999965,0.07867910677864837,0.09065744624820875,0.08466827651342856
14.499999999999964,0.07859642258359947,0.09074508399638752,0.08467075328999349
14.599999999999964,0.07851315569091996,0.09083341226883329,0.08467328397987663
14.699999999999964,0.07842930593149489,0.09092243287929984,0.08467586940539737
14.799999999999963,0.07834487313680506,0.09101214765664244,0.08467851039672375
14.899999999999963,0.07825985713896956,0.09110255844487443,0.084681207791922
14.999999999999963,0.07817425777078733,0.091193667103225,0.08468396243700617
15.099999999999962,0.0780880748657804,0.09128547550619659,0.0846867751859885
15.199999999999962,0.07800130825823678,0.09137798554362321,0.08468964690093
15.299999999999962,0.07791395778325415,0.09147119912072922,0.08469257845199168
15.399999999999961,0.07782602327678438,0.09156511815818862,0.0846955707174865
15.499999999999961,0.07773750457567818,0.09165974459218461,0.0846986245839314
15.59999999999996,0.07764840151773017,0.0917550803744699,0.08470174094610003
15.69999999999996,0.07755871394172492,0.09185112747242734,0.08470492070707614
15.79999999999996,0.07746844168748304,0.09194788786913155,0.0847081647783073
15.89999999999996,0.0773775845959083,0.09204536356340948,0.08471147407965889
15.99999999999996,0.0772861425090348,0.09214355656990421,0.0847148495394695
16.09999999999996,0.07719411527007522,0.09224246891913587,0.08471829209460555
16.19999999999996,0.07710150272346875,0.09234210265756652,0.08472180269051763
16.29999999999996,0.07700830471493075,0.09244245984766272,0.08472538228129674
16.399999999999963,0.07691452109150211,0.09254354256795999,0.08472903182973104
16.499999999999964,0.07682015170159924,0.09264535291312777,0.0847327523073635
16.599999999999966,0.07672519639506505,0.0927478929940346,0.08473654469454983
16.699999999999967,0.07662965502322035,0.09285116493781362,0.08474040998051699
16.79999999999997,0.07653352743891556,0.09295517088792882,0.08474434916342219
16.89999999999997,0.07643681349658327,0.09305991300424235,0.08474836325041281
16.99999999999997,0.07633951305229152,0.09316539346308107,0.0847524532576863
17.099999999999973,0.07624162596379722,0.09327161445730496,0.08475662021055108
17.199999999999974,0.07614315209060071,0.09337857819637516,0.08476086514348793
17.299999999999976,0.0760440912940005,0.09348628690642291,0.0847651891002117
17.399999999999977,0.07594444343714907,0.09359474283031897,0.08476959313373403
17.49999999999998,0.07584420838510869,0.09370394822774358,0.08477407830642614
17.59999999999998,0.07574338600490861,0.09381390537525681,0.08477864569008271
17.69999999999998,0.07564197616560232,0.09392461656636969,0.084783296365986
17.799999999999983,0.0755399787383256,0.09403608411161561,0.0847880314249706
17.899999999999984,0.07543739359635557,0.09414831033862274,0.08479285196748915
17.999999999999986,0.07533422061516959,0.09426129759218613,0.08479775910367786
18.099999999999987,0.0752304596725059,0.09437504823434126,0.08480275395342357
18.19999999999999,0.07512611064842398,0.09448956464443771,0.08480783764643085
18.29999999999999,0.07502117342536627,0.09460484921921328,0.08481301132228977
18.39999999999999,0.07491564788822018,0.09472090437286901,0.0848182761305446
18.499999999999993,0.07480953392438075,0.09483773253714436,0.08482363323076256
18.599999999999994,0.07470283142381448,0.09495533616139329,0.08482908379260388
18.699999999999996,0.07459554027912328,0.09507371771266061,0.08483462899589195
18.799999999999997,0.07448766038560987,0.09519287967575929,0.08484027003068459
18.9,0.07437919164134275,0.09531282455334779,0.08484600809734527
19,0.07427013394722326,0.09543355486600844,0.08485184440661585
19.1,0.07416048720705248,0.09555507315232604,0.08485778017968926
19.200000000000003,0.07405025132759906,0.09567738196896738,0.08486381664828321
19.300000000000004,0.07393942621866795,0.09580048389076096,0.08486995505471445
19.400000000000006,0.0738280117931698,0.09592438151077784,0.08487619665197382
19.500000000000007,0.0737160079671912,0.09604907744041212,0.08488254270380166
19.60000000000001,0.07360341466006565,0.09617457430946287,0.08488899448476425
19.70000000000001,0.07349023179444501,0.09630087476621674,0.08489555328033088
19.80000000000001,0.07337645929637265,0.0964279814775301,0.08490222038695137
19.900000000000013,0.0732620970953562,0.09655589712891299,0.0849089971121346
20.000000000000014,0.0731471451244419,0.09668462442461283,0.08491588477452736
20.100000000000016,0.07303160332028999,0.09681416608769898,0.08492288470399448
20.200000000000017,0.07291547162324982,0.09694452486014835,0.08492999824169908
20.30000000000002,0.07279874997743689,0.09707570350293068,0.08493722674018378
20.40000000000002,0.07268143833081055,0.09720770479609545,0.084944571563453
20.50000000000002,0.07256353663525184,0.09734053153885817,0.08495203408705501
20.600000000000023,0.07244504484664313,0.09747418654968884,0.08495961569816599
20.700000000000024,0.07232596292494793,0.09760867266639983,0.08496731779567387
20.800000000000026,0.07220629083429202,0.09774399274623435,0.08497514179026319
20.900000000000027,0.07208602854304536,0.09788014966595661,0.08498308910450098
21.00000000000003,0.07196517602390454,0.09801714632194122,0.08499116117292288
21.10000000000003,0.07184373325397685,0.09815498563026466,0.08499935944212075
21.20000000000003,0.07172170021486465,0.0982936705267958,0.08500768537083023
21.300000000000033,0.07159907689275101,0.09843320396728847,0.08501614043001973
21.400000000000034,0.07147586327848594,0.09857358892747378,0.08502472610297987
21.500000000000036,0.07135205936767405,0.0987148284031534,0.08503344388541373
21.600000000000037,0.07122766516076282,0.09885692541029362,0.08504229528552822
21.70000000000004,0.07110268066313201,0.09899988298511933,0.08505128182412566
21.80000000000004,0.07097710588518384,0.09914370418420984,0.08506040503469683
21.90000000000004,0.0708509408424344,0.09928839208459438,0.08506966646351438
22.000000000000043,0.0707241855556059,0.09943394978384835,0.08507906766972713
22.100000000000044,0.07059684005072027,0.09958038040019071,0.0850886102254555
22.200000000000045,0.070468904359193,0.09972768707258171,0.08509829571588735
22.300000000000047,0.07034037851792888,0.09987587296082107,0.08510812573937497
22.40000000000005,0.07021126256941843,0.1000249412456475,0.08511810190753297
22.50000000000005,0.07008155656183525,0.10017489512883783,0.08512822584533654
22.60000000000005,0.06995126054913457,0.10032573783330805,0.08513849919122131
22.700000000000053,0.06982037459115287,0.100477472603214,0.08514892359718343
22.800000000000054,0.06968889875370866,0.10063010270405315,0.0851595007288809
22.900000000000055,0.06955683310870417,0.10078363142276728,0.08517023226573572
23.000000000000057,0.06942417773422861,0.10093806206784531,0.08518111990103697
23.10000000000006,0.06929093271466166,0.10109339796942714,0.08519216534204441
23.20000000000006,0.0691570981407791,0.10124964247940836,0.08520337031009373
23.30000000000006,0.06902267410985893,0.10140679897154517,0.08521473654070205
23.400000000000063,0.06888766072578903,0.10156487084156031,0.08522626578367468
23.500000000000064,0.06875205809917573,0.10172386150724955,0.08523795980321264
23.600000000000065,0.06861586634745347,0.1018837744085893,0.08524982037802138
23.700000000000067,0.06847908559499624,0.10204461300784419,0.08526184930142022
23.800000000000068,0.0683417159732296,0.10220638078967559,0.0852740483814526
23.90000000000007,0.06820375762074406,0.10236908126125159,0.08528641944099782
24.00000000000007,0.06806521068341007,0.10253271795235658,0.08529896431788332
24.100000000000072,0.0679260753144938,0.10269729441550228,0.08531168486499804
24.200000000000074,0.06778635167477444,0.1028628142260389,0.08532458295040668
24.300000000000075,0.06764603993266288,0.10302928098226805,0.08533766045746546
24.400000000000077,0.06750514026432096,0.10319669830555521,0.08535091928493808
24.500000000000078,0.06736365285378328,0.10336506984044333,0.08536436134711331
24.60000000000008,0.06722157789307925,0.10353439925476772,0.08537798857392348
24.70000000000008,0.06707891558235672,0.1037046902397707,0.08539180291106371
24.800000000000082,0.0669356661300075,0.10387594651021792,0.08540580632011271
24.900000000000084,0.06679182975279349,0.10404817180451485,0.08542000077865416
25.000000000000085,0.06664740667597449,0.10422136988482401,0.08543438828039926
25.100000000000087,0.06650239713343792,0.10439554453718318,0.08544897083531056
25.200000000000088,0.06635680136782882,0.10457069957162467,0.08546375046972673
25.30000000000009,0.06621061963068228,0.10474683882229428,0.08547872922648828
25.40000000000009,0.066063852182557,0.1049239661475722,0.08549390916506461
25.500000000000092,0.06591649929316998,0.10510208543019404,0.085509292361682
25.600000000000094,0.06576856124153298,0.10528120057737282,0.0855248809094529
25.700000000000095,0.06562003831609098,0.10546131552092135,0.08554067691850617
25.800000000000097,0.06547093081486051,0.10564243421737615,0.08555668251611834
25.900000000000098,0.06532123904557173,0.10582456064812149,0.0855728998468466
26.0000000000001,0.06517096332580986,0.10600769881951433,0.08558933107266209
26.1000000000001,0.0650201039831601,0.10619185276301038,0.08560597837308524
26.200000000000102,0.06486866135535249,0.10637702653529031,0.08562284394532141
26.300000000000104,0.06471663579040943,0.10656322421838767,0.08563993000439854
26.400000000000105,0.06456402764679421,0.10675044991981648,0.08565723878330535
26.500000000000107,0.06441083729356174,0.10693870777270079,0.08567477253313127
26.600000000000108,0.06425706511051005,0.10712800193590395,0.08569253352320699
26.70000000000011,0.0641027114883344,0.10731833659415971,0.08571052404124704
26.80000000000011,0.06394777682878232,0.10750971595820308,0.0857287463934927
26.900000000000112,0.06379226154481087,0.1077021442649029,0.08574720290485688
27.000000000000114,0.06363616606074492,0.10789562577739496,0.08576589591906994
27.100000000000115,0.06347949081243816,0.10809016478521533,0.08578482779882673
27.200000000000117,0.06332223624743485,0.10828576560443566,0.08580400092593526
27.300000000000118,0.06316440282513408,0.10848243257779826,0.08582341770146618
27.40000000000012,0.06300599101695525,0.10868017007485258,0.08584308054590392
27.50000000000012,0.06284700130650595,0.10887898249209232,0.08586299189929913
27.600000000000122,0.0626874341897508,0.10907887425309361,0.0858831542214222
27.700000000000124,0.0625272901751833,0.10927984980865334,0.08590356999191831
27.800000000000125,0.06236656978399825,0.10948191363692983,0.08592424171046403
27.900000000000126,0.06220527355026722,0.10968507024358208,0.08594517189692465
28.000000000000128,0.06204340202111504,0.10988932416191259,0.08596636309151381
28.10000000000013,0.061880955756898864,0.11009467995300823,0.08598781785495355
28.20000000000013,0.0617179353313887,0.11030114220588427,0.08600953876863648
28.300000000000132,0.061554341331950056,0.11050871553762831,0.08603152843478919
28.400000000000134,0.061390174359728766,0.11071740459354457,0.08605378947663667
28.500000000000135,0.06122543502983752,0.11092721404730024,0.08607632453856888
28.600000000000136,0.061060123971544866,0.11113814860107166,0.08609913628630826
28.700000000000138,0.06089424182846548,0.1113502129856921,0.08612222740707878
28.80000000000014,0.060727789258753544,0.11156341196079964,0.08614560060977659
28.90000000000014,0.060560766935297265,0.11177775031498709,0.08616925862514217
29.000000000000142,0.06039317554591619,0.11199323286595182,0.086193204205934
29.100000000000144,0.0602250157935602,0.11220986446064664,0.08621744012710342
29.200000000000145,0.06005628839651118,0.11242764997543206,0.08624196918597161
29.300000000000146,0.059886994088586415,0.11264659431622885,0.08626679420240763
29.400000000000148,0.059717133619344186,0.11286670241867199,0.08629191801900808
29.50000000000015,0.05954670775429217,0.11308797924826547,0.08631734350127881
29.60000000000015,0.05937571727509738,0.11331042980053743,0.08634307353781741
29.700000000000152,0.059204162979799246,0.11353405910119697,0.0863691110404981
29.800000000000153,0.05903204568302373,0.1137588722062918,0.08639545894465776
29.900000000000155,0.0588593662162013,0.11398487420236629,0.0864221202092838
30.000000000000156,0.0586861254277863,0.11421207020662057,0.08644909781720343
30.100000000000158,0.058512324183478695,0.11444046536707132,0.08647639477527501
30.20000000000016,0.05833796336644895,0.11467006486271256,0.08650401411458075
30.30000000000016,0.058163043877564345,0.11490087390367794,0.08653195889062114
30.400000000000162,0.05798756663561883,0.11513289773140362,0.08656023218351122
30.500000000000163,0.05781153257756464,0.11536614161879238,0.08658883709817851
30.600000000000165,0.057634942658746746,0.11560061087037868,0.08661777676456271
30.700000000000166,0.0574577978531394,0.11583631082249475,0.08664705433781708
30.800000000000168,0.057280099153586436,0.11607324684343696,0.0866766729985117
30.90000000000017,0.05710184757204249,0.11631142433363427,0.08670663595283838
31.00000000000017,0.056923044139818635,0.11655084872581652,0.08673694643281757
31.100000000000172,0.05674368990782907,0.11679152548518491,0.08676760769650699
31.200000000000173,0.05656378594684169,0.11703346010958239,0.08679862302821204
31.300000000000175,0.05638333334773089,0.11727665812966527,0.08682999573869808
31.400000000000176,0.05620233322173332,0.1175211251090766,0.08686172916540497
31.500000000000178,0.05602078670070596,0.11776686664461941,0.08689382667266268
31.60000000000018,0.05583869493738774,0.11801388836643184,0.08692629165190979
31.70000000000018,0.05565605910566346,0.11826219593816258,0.08695912752191301
31.800000000000182,0.05547288040083083,0.11851179505714814,0.08699233772898948
31.900000000000183,0.05528916003987052,0.1187626914545901,0.08702592574723031
32.000000000000185,0.055104899261718826,0.11901489089573415,0.0870598950787265
32.100000000000186,0.05492009932754363,0.11926839918005028,0.08709424925379695
32.20000000000019,0.05473476152102337,0.119523222141413,0.0871289918312182
32.30000000000019,0.05454888714862869,0.11977936564828381,0.08716412639845625
32.40000000000019,0.05436247753990788,0.12003683560389355,0.08719965657190072
32.50000000000019,0.05417553404777465,0.12029563794642703,0.08723558599710084
32.60000000000019,0.05398805804879949,0.12055577864920733,0.08727191834900341
32.700000000000195,0.053800050943504416,0.1208172637208824,0.08730865733219341
32.800000000000196,0.053611514156660205,0.12108009920561176,0.08734580668113598
32.9000000000002,0.053422449137588014,0.12134429118325504,0.08738337016042153
33.0000000000002,0.053232857360463175,0.12160984576956047,0.08742135156501182
33.1000000000002,0.053042740324622716,0.12187676911635625,0.08745975472048949
33.2000000000002,0.05285209955487676,0.1221450674117411,0.08749858348330893
33.3000000000002,0.052660936601822944,0.1224147468802762,0.08753784174104957
33.400000000000205,0.05246925304216372,0.12268581378318033,0.08757753341267202
33.500000000000206,0.05227705047902823,0.12295827441852256,0.08761766244877539
33.60000000000021,0.05208433054229711,0.12323213512141894,0.08765823283185803
33.70000000000021,0.05189109488893067,0.12350740226422927,0.08769924857657997
33.80000000000021,0.05169734520330112,0.12378408225675444,0.08774071373002779
33.90000000000021,0.0515030831975284,0.12406218154643547,0.08778263237198194
34.00000000000021,0.05130831061181925,0.124341706618554,0.08782500861518662
34.100000000000215,0.051113029214810764,0.12462266399643247,0.08786784660562162
34.200000000000216,0.05091724080391696,0.12490506024163738,0.08791115052277718
34.30000000000022,0.05072094720567948,0.12518890195418222,0.08795492457993086
34.40000000000022,0.05052415027612246,0.1254741957727315,0.08799917302442697
34.50000000000022,0.050326851901110796,0.12576094837480709,0.08804390013795894
34.60000000000022,0.050129053996712615,0.1260491664769945,0.08808911023685355
34.70000000000022,0.049930758509565895,0.12633885683515064,0.08813480767235826
34.800000000000225,0.049731967417248626,0.12663002624461284,0.08818099683093072
34.900000000000226,0.04953268272865343,0.12692268154040998,0.0882276821345317
35.00000000000023,0.04933290648436671,0.12721682959747152,0.08827486804091911
35.10000000000023,0.04913264075705073,0.12751247733084242,0.08832255904394658
35.20000000000023,0.04893188765183149,0.12780963169589474,0.08837075967386311
35.30000000000023,0.04873064930668946,0.12810829968854365,0.08841947449761656
35.40000000000023,0.04852892789285565,0.12840848834546256,0.0884687081191591
35.500000000000234,0.04832672561521173,0.12871020474430062,0.08851846517975617
35.600000000000236,0.04812404471269415,0.12901345600390055,0.08856875035829735
35.70000000000024,0.047920887458703404,0.12931824928451846,0.08861956837161093
35.80000000000024,0.047717256161517445,0.12962459178804384,0.08867092397478064
35.90000000000024,0.047513153164709734,0.12993249075822202,0.08872282196146589
36.00000000000024,0.04730858084757189,0.1302419534808766,0.08877526716422425
36.10000000000024,0.04710354162554113,0.1305529872841335,0.08882826445483732
36.200000000000244,0.046898037950632236,0.1308655995386471,0.08888181874463967
36.300000000000246,0.04669207231187469,0.13117979765782542,0.08893593498485006
36.40000000000025,0.04648564723575431,0.13149558909805892,0.08899061816690662
36.50000000000025,0.04627876528665962,0.13181298135894928,0.08904587332280445
36.60000000000025,0.04607142906733393,0.1321319819835392,0.08910170552543656
36.70000000000025,0.04586364121933156,0.13245259855854383,0.0891581198889377
36.80000000000025,0.04565540442347958,0.13277483871458381,0.08921512156903169
36.900000000000254,0.045446721400344836,0.13309871012641827,0.08927271576338155
37.000000000000256,0.04523759491070564,0.13342422051318079,0.08933090771194321
37.10000000000026,0.04502802775602937,0.1337513776386147,0.08938970269732203
37.20000000000026,0.04481802277895445,0.13408018931131155,0.089449106045133
37.30000000000026,0.044607582863778944,0.13441066338494925,0.0895091231243641
37.40000000000026,0.04439671093695349,0.13474280775853184,0.08956975934774267
37.50000000000026,0.044185409967580205,0.13507663037663184,0.08963102017210603
37.600000000000264,0.04397368296791709,0.13541213922963136,0.08969291109877423
37.700000000000266,0.043761532993888116,0.13574934235396685,0.08975543767392749
37.80000000000027,0.043548963145598946,0.13608824783237378,0.08981860548898636
37.90000000000027,0.04333597656785837,0.13642886379413277,0.08988242018099557
38.00000000000027,0.04312257645070552,0.13677119841531726,0.0899468874330114
38.10000000000027,0.04290876602994302,0.13711525991904264,0.09001201297449282
38.20000000000027,0.042694548587676316,0.13746105657571592,0.09007780258169612
38.300000000000274,0.04247992745285865,0.13780859670328724,0.09014426207807294
38.400000000000276,0.042264906001842434,0.13815788866750287,0.09021139733467265
38.50000000000028,0.04204948765893644,0.13850894088215854,0.09027921427054748
38.60000000000028,0.04183367589696967,0.13886176180935536,0.09034771885316252
38.70000000000028,0.04161747423786138,0.13921635995975595,0.09041691709880867
38.80000000000028,0.04140088625319705,0.1395727438928424,0.09048681507301973
38.90000000000028,0.041183915564811595,0.13993092221717565,0.09055741889099363
39.000000000000284,0.040966565845378465,0.14029090359065574,0.0906287347180171
39.100000000000286,0.04074884081900582,0.14065269672078334,0.09070076876989458
39.20000000000029,0.04053074426183876,0.14101631036492393,0.09077352731338134
39.30000000000029,0.04031228000266925,0.14138175333057068,0.09084701666661997
39.40000000000029,0.04009345192355194,0.1417490344756114,0.09092124319958167
39.50000000000029,0.039874263960427654,0.14211816270859523,0.09099621333451144
39.60000000000029,0.03965472010375323,0.14248914698900111,0.09107193354637717
39.700000000000294,0.03943482439913925,0.14286199632750732,0.09114841036332329
39.800000000000296,0.03921458094799402,0.1432367197862629,0.09122565036712846
39.9000000000003,0.038993993908175595,0.14361332647915975,0.09130366019366767
40.0000000000003,0.038773067494650613,0.14399182557210705,0.09138244653337883
40.1000000000003,0.038551805980161113,0.1443722262833055,0.09146201613173331
40.2000000000003,0.03833021369589794,0.14475453788352466,0.0915423757897113
40.3000000000003,0.038108295032182916,0.1451387696963801,0.0916235323642815
40.400000000000304,0.037886054439158,0.14552493109861328,0.09170549276888564
40.500000000000306,0.03766349642748196,0.1459130315203718,0.09178826397392688
40.60000000000031,0.03744062556903598,0.146303080445491,0.0918718530072635
40.70000000000031,0.03721744649763612,0.1466950874117782,0.09195626695470716
40.80000000000031,0.03699396390975438,0.14708906201129646,0.09204151296052542
40.90000000000031,0.0367701825652481,0.14748501389065127,0.09212759822794969
41.00000000000031,0.03654610728809704,0.14788295275127797,0.0922145300196875
41.100000000000314,0.03632174296714961,0.14828288834973008,0.09230231565843984
41.200000000000315,0.036097094556876465,0.1486848304979702,0.09239096252742333
41.30000000000032,0.035872167078133954,0.14908878906366155,0.09248047807089775
41.40000000000032,0.03564696561893508,0.14949477397046057,0.09257086979469782
41.50000000000032,0.03542149533523002,0.1499027951983117,0.09266214526677086
41.60000000000032,0.03519576145169496,0.1503128627837434,0.09275431211771917
41.70000000000032,0.034969769262530495,0.15072498682016477,0.09284737804134763
41.800000000000324,0.0347435241322682,0.1511391774581651,0.09294135079521665
41.900000000000325,0.03451703149658764,0.1515554449058129,0.09303623820120027
42.00000000000033,0.0342902968631413,0.1519737994289584,0.09313204814604985
42.10000000000033,0.03406332581239019,0.15239425135153586,0.09322878858196303
42.20000000000033,0.033836123998447896,0.15281681105586797,0.09332646752715794
42.30000000000033,0.03360869714993534,0.15324148898297163,0.09342509306645348
42.40000000000033,0.0333810510708441,0.15366829563286533,0.09352467335185471
42.500000000000334,0.033153191641410576,0.15409724156487756,0.09362521660314407
42.600000000000335,0.03292512481899983,0.15452833739795688,0.09372673110847836
42.70000000000034,0.03269685663899928,0.15496159381098326,0.09382922522499126
42.80000000000034,0.03246839321572295,0.15539702154308166,0.0939327073794023
42.90000000000034,0.03223974074332594,0.15583463139393533,0.09403718606863064
43.00000000000034,0.032010905496729414,0.1562744342241027,0.09414266986041606
43.10000000000034,0.03178189383255613,0.15671644095533382,0.09424916739394498
43.200000000000344,0.03155271219007688,0.15716066257088918,0.09435668738048303
43.300000000000345,0.031323367092167445,0.15760711011586068,0.09446523860401407
43.40000000000035,0.03109386514627691,0.15805579469749217,0.09457482992188454
43.50000000000035,0.0308642130454069,0.158506727485503,0.09468547026545496
43.60000000000035,0.03063441756910229,0.15895991971241258,0.09479716864075743
43.70000000000035,0.030404485584452873,0.15941538267386648,0.09490993412915968
43.80000000000035,0.030174424047107223,0.15987312772896342,0.09502377588803532
43.900000000000354,0.029944240002297444,0.16033316630058472,0.09513870315144109
44.000000000000355,0.029713940585876668,0.16079550987572416,0.09525472523080042
44.10000000000036,0.02948353302536752,0.16126017000582052,0.09537185151559402
44.20000000000036,0.029253024641023702,0.16172715830708978,0.09549009147405674
44.30000000000036,0.029022422846902915,0.16219648646086166,0.09560945465388229
44.40000000000036,0.02879173515195268,0.16266816621391433,0.09572995068293351
44.50000000000036,0.02856096916110897,0.16314220937881244,0.09585158926996071
44.600000000000364,0.0283301325764069,0.16361862783424724,0.09597438020532707
44.700000000000365,0.02809923319810462,0.16409743352537629,0.09609833336174045
44.80000000000037,0.027868278925820587,0.16457863846416626,0.09622345869499342
44.90000000000037,0.027637277759683297,0.16506225472973612,0.09634976624470971
45.00000000000037,0.027406237801494995,0.16554829446870303,0.09647726613509902
45.10000000000037,0.02717516725590848,0.16603676989552846,0.09660596857571847
45.20000000000037,0.026944074431617993,0.16652769329286596,0.09673588386224198
45.300000000000374,0.026712967742563577,0.16702107701191204,0.09686702237723781
45.400000000000375,0.02648185570914968,0.1675169334727558,0.09699939459095275
45.50000000000038,0.026250746959477787,0.16801527516473327,0.09713301106210553
45.60000000000038,0.026019650230593817,0.16851611464677935,0.09726788243868659
45.70000000000038,0.025788574369749392,0.1690194645477853,0.09740401945876734
45.80000000000038,0.025557528335678443,0.1695253375669554,0.09754143295131693
45.90000000000038,0.02532652119988871,0.17003374647416447,0.09768013383702659
46.000000000000384,0.025095562147967647,0.17054470411031955,0.0978201331291436
46.100000000000385,0.024864660480904514,0.1710582233877203,0.09796144193431242
46.20000000000039,0.024633825616427373,0.17157431729042283,0.0981040714534251
46.30000000000039,0.02440306709035588,0.17209299887460386,0.09824803298247987
46.40000000000039,0.024172394557970107,0.17261428126892694,0.09839333791344852
46.50000000000039,0.023941817795395188,0.17313817767491013,0.09853999773515267
46.60000000000039,0.023711346701002313,0.17366470136729478,0.09868802403414854
46.700000000000394,0.023480991296826185,0.17419386569441686,0.09883742849562152
46.800000000000395,0.023250761729999413,0.17472568407857791,0.09898822290428866
46.9000000000004,0.023020668274203102,0.17526017001641986,0.09914041914531148
47.0000000000004,0.02279072133113535,0.17579733707929918,0.09929402920521727
47.1000000000004,0.022560931431996438,0.17633719891366398,0.09944906517283021
47.2000000000004,0.02233130923899191,0.1768797692414321,0.099605539240212
47.3000000000004,0.022101865546853183,0.17742506186037024,0.09976346370361171
47.400000000000404,0.021872611284376103,0.17797309064447586,0.09992285096442598
47.500000000000405,0.021643557515978146,0.17852386954435873,0.10008371353016844
47.600000000000406,0.021414715443273134,0.17907741258762616,0.10024606401544965
47.70000000000041,0.021186096406665696,0.17963373387926806,0.10040991514296688
47.80000000000041,0.020957711886963798,0.18019284760204338,0.10057527974450359
47.90000000000041,0.0207295735070107,0.18075476801686993,0.10074217076194031
48.00000000000041,0.020501693033336293,0.1813195094632138,0.10091060124827504
48.10000000000041,0.02027408237782811,0.18188708635948067,0.10108058436865439
48.200000000000415,0.020046753599422002,0.18245751320340997,0.10125213340141599
48.300000000000416,0.019819718905813178,0.1830308045724679,0.10142526173914054
48.40000000000042,0.0195929906551874,0.1836069751242444,0.1015999828897159
48.50000000000042,0.019366581357973044,0.18418603959685126,0.10177631047741215
48.60000000000042,0.01914050367861374,0.18476801280931984,0.1019542582439668
48.70000000000042,0.01891477043736254,0.1853529096620023,0.10213384004968241
48.80000000000042,0.01868939461209728,0.18594074513697387,0.10231506987453558
48.900000000000425,0.018464389340157726,0.18653153429843553,0.10249796181929663
49.000000000000426,0.01823976792020466,0.18712529229312,0.10268253010666233
49.10000000000043,0.018015543814101396,0.18772203435069704,0.10286878908239921
49.20000000000043,0.017791730648817564,0.1883217757841823,0.10305675321649993
49.30000000000043,0.01756834221835605,0.18892453199034662,0.10324643710435133
49.40000000000043,0.017345392485702816,0.18953031845012625,0.10343785546791454
49.50000000000043,0.017122895584800412,0.19013915072903553,0.10363102315691797
49.600000000000435,0.01690086582254495,0.19075104447758132,0.10382595515006313
49.700000000000436,0.016679317680807413,0.19136601543167686,0.10402266655624214
49.80000000000044,0.016458265818478892,0.19198407941306025,0.10422117261576958
49.90000000000044,0.016237725073541105,0.19260525232971074,0.10442148870162592
50.00000000000044,0.016017710465161362,0.1932295501762705,0.10462363032071594
50.10000000000044,0.015798237195812952,0.1938569890344637,0.10482761311513832
50.20000000000044,0.015579320653421717,0.19448758507351957,0.10503345286347064
50.300000000000445,0.015360976413537574,0.19512135455059768,0.10524116548206762
50.400000000000446,0.015143220241533346,0.1957583138112118,0.10545076702637257
50.50000000000045,0.01492606809482962,0.19639847928965737,0.1056622736922435
50.60000000000045,0.014709536125147004,0.19704186750943964,0.10587570181729332
50.70000000000045,0.014493640680785309,0.1976884950837041,0.1060910678822447
50.80000000000045,0.014278398308930953,0.19833837871566548,0.10630838851229822
50.90000000000045,0.01406382575799195,0.19899153519904336,0.10652768047851766
51.000000000000455,0.013849939979961746,0.19964798141849416,0.10674896069922796
51.100000000000456,0.013636758132811599,0.2003077343500465,0.10697224624142905
51.20000000000046,0.013424297582912267,0.2009708110615387,0.10719755432222548
51.30000000000046,0.013212575907485282,0.2016372287130564,0.10742490231027084
51.40000000000046,0.013001610897084093,0.2023070045573729,0.1076543077272285
51.50000000000046,0.012791420558105752,0.20298015594038923,0.1078857882492475
51.60000000000046,0.01258202311533323,0.20365670030157682,0.10811936170845503
51.700000000000465,0.012373437014508661,0.20433665517442184,0.10835504609446525
51.800000000000466,0.01216568092493888,0.20502003818686895,0.10859285955590392
51.90000000000047,0.011958773742132113,0.20570686706176944,0.10883282040195078
52.00000000000047,0.011752734590467806,0.2063971596173272,0.10907494710389751
52.10000000000047,0.011547582825898581,0.20709093376754978,0.10931925829672418
52.20000000000047,0.011343338038686259,0.20778820752269728,0.10956577278069177
52.30000000000047,0.011140020056171047,0.20848899898973536,0.1098145095229532
52.400000000000475,0.010937648945575022,0.20919332637278776,0.1100654876591814
52.500000000000476,0.010736245016840524,0.20990120797359144,0.11031872649521599
52.60000000000048,0.01053582882550326,0.2106126621919516,0.11057424550872744
52.70000000000048,0.010336421175601225,0.21132770752619956,0.11083206435090039
52.80000000000048,0.01013804312261946,0.2120463625736514,0.11109220284813542
52.90000000000048,0.009940715976471818,0.2127686460310664,0.11135468100376911
53.00000000000048,0.009744461304519015,0.21349457669510943,0.11161951899981422
53.100000000000485,0.009549300934624657,0.2142241734628128,0.11188673719871874
53.200000000000486,0.009355256958249349,0.21495745533204003,0.11215635614514469
53.30000000000049,0.009162351733582975,0.21569444140195076,0.11242839656776688
53.40000000000049,0.008970607888716326,0.21643515087346638,0.11270287938109134
53.50000000000049,0.008780048324852312,0.21717960304973752,0.11297982568729492
53.60000000000049,0.008590696219556831,0.21792781733661373,0.11325925677808528
53.70000000000049,0.008402575030051013,0.21867981324311195,0.11354119413658148
53.800000000000495,0.008215708496543992,0.2194356103818881,0.11382565943921605
53.900000000000496,0.008030120645607871,0.22019522846970965,0.11411267455765876
54.0000000000005,0.007845835793594687,0.22095868732792917,0.11440226156076193
54.1000000000005,0.0076628785500967595,0.2217260068829581,0.11469444271652743
54.2000000000005,0.007481273821449926,0.22249720716674323,0.11498924049409658
54.3000000000005,0.007301046814281163,0.22327230831724446,0.11528667756576282
54.4000000000005,0.007122223039101141,0.22405133057891205,0.1155867768090066
54.500000000000504,0.006944828313941435,0.22483429430316526,0.11588956130855335
54.600000000000506,0.006768888768038247,0.22562121994887532,0.11619505435845678
54.70000000000051,0.006594430845562333,0.2264121280828443,0.11650327946420332
54.80000000000051,0.006421481309396204,0.22720703938028994,0.11681426034484307
54.90000000000051,0.006250067244959077,0.22800597462532804,0.11712802093514356
55.00000000000051,0.00608021606408057,0.22880895471145843,0.1174445853877695
55.10000000000051,0.005911955508923197,0.2296160006420503,0.11776397807548675
55.200000000000514,0.005745313655954796,0.23042713353082941,0.1180862235933921
55.300000000000516,0.005580318919971654,0.2312423746023672,0.11841134676116943
55.40000000000052,0.005417000058172531,0.23206174519256872,0.11873937262537063
55.50000000000052,0.005255386174285126,0.2328852667491631,0.11907032646172411
55.60000000000052,0.005095506722744378,0.23371296083219562,0.11940423377747
55.70000000000052,0.004937391512924998,0.23454484911451912,0.11974112031372205
55.80000000000052,0.004781070713427482,0.23538095338228784,0.12008101204785766
55.900000000000524,0.00462657485641927,0.2362212955354515,0.12042393519593537
56.000000000000526,0.004473934842031633,0.2370658975882504,0.12076991621514101
56.10000000000053,0.0043231819428126705,0.23791478166971106,0.12111898180626186
56.20000000000053,0.004174347808237648,0.2387679700241455,0.12147115891619156
56.30000000000053,0.004027464469277531,0.23962548501164585,0.1218264747404617
56.40000000000053,0.003882564343025833,0.24048734910858688,0.12218495672580636
56.50000000000053,0.0037396802373857742,0.24135358490812256,0.12254663257275417
56.600000000000534,0.0035988453558172006,0.24222421512068937,0.12291153023825328
56.700000000000536,0.003460093302145308,0.24309926257450698,0.12327967793832614
56.80000000000054,0.003323458085431386,0.24397875021607995,0.12365110415075567
56.90000000000054,0.0031889741249067076,0.244862701110702,0.12402583761780435
57.00000000000054,0.003056676254970134,0.24575113844295973,0.12440390734896493
57.10000000000054,0.0029265997302508045,0.24664408551723777,0.12478534262374429
57.20000000000054,0.002798780230736709,0.24754156575822367,0.1251701729944802
57.300000000000544,0.0026732538669694455,0.248443602711416,0.12555842828919273
57.400000000000546,0.0025500571853073694,0.2493502200436289,0.12595013861446813
57.50000000000055,0.002429227173256651,0.25026144154350266,0.12634533435837966
57.60000000000055,0.0023108012648724533,0.2511772911220109,0.12674404619344168
57.70000000000055,0.002194817346230365,0.25209779281297,0.12714630507960017
57.80000000000055,0.002081313760969597,0.25302297077355057,0.12755214226726008
57.90000000000055,0.0019703293159087933,0.253952849284785,0.1279615893003469
58.000000000000554,0.0018619032867353345,0.25488745275208285,0.1283746780194091
58.100000000000556,0.0017560754237695923,0.2558268057057386,0.1287914405647541
58.20000000000056,0.0016528859578048222,0.25677093280144786,0.12921190937962634
58.30000000000056,0.0015523756060238558,0.2577198588208185,0.12963611721342116
58.40000000000056,0.0014545855779940797,0.2586736086718839,0.130064097124939
58.50000000000056,0.0013595575817411144,0.25963220738961934,0.13049588248568023
58.60000000000056,0.0012673338299031033,0.26059568013645457,0.13093150698317885
58.700000000000564,0.0011779570459662162,0.26156405220279005,0.13137100462437815
58.800000000000566,0.0010914704705827245,0.26253734900751347,0.1318144097390481
58.90000000000057,0.0010079178679730215,0.26351559609851377,0.13226175698324338
59.00000000000057,0.0009273435324124881,0.26449881915320017,0.13271308134280632
59.10000000000057,0.0008497922948046992,0.26548704397901773,0.13316841813691122
59.20000000000057,0.000775309529342056,0.2664802965139654,0.13362780302165372
59.30000000000057,0.000703941160255234,0.26747860282711433,0.13409127199368479
59.400000000000574,0.0006357336686527395,0.26848198911912396,0.13455886139388834
59.500000000000576,0.0005707340994517152,0.269490481722764,0.13503060791110788
59.60000000000058,0.0005089900684016621,0.27050410710342987,0.13550654858591576
59.70000000000058,0.0004505497692020961,0.27152289185966333,0.13598672081443272
59.80000000000058,0.0003954619807156931,0.2725468627236732,0.13647116235219445
59.90000000000058,0.0003437760742784647,0.2735760465618516,0.13695991131806504
60.00000000000058,0.00029554202110798465,0.2746104703752967,0.13745300619820233
60.100000000000584,0.000250810399811586,0.2756501613003321,0.13795048585007183
60.200000000000585,0.0002096324039956766,0.2766951466090254,0.13845238950651054
60.30000000000059,0.00017205984997778617,0.2777454537097111,0.13895875677984446
60.40000000000059,0.00013814518460291707,0.278801110147508,0.13946962766605547
60.50000000000059,0.00010794149316563744,0.2798621436048427,0.13998504254900415
60.60000000000059,0.00008150250743957206,0.28092858190196746,0.1405050422047035
60.70000000000059,0.00005888261381585111,0.2820004529974833,0.14102966780564957
60.800000000000594,0.00004013686155217506,0.28307778498885783,0.141558960925205
60.900000000000595,0.000025320971134087993,0.2841606061129485,0.14209296354204132
61.0000000000006,0.000014491342750223244,0.2852489447465215,0.14263171804463587
61.1000000000006,0.000007705064883148418,0.2863428294067719,0.14317526723582752
61.2000000000006,0.000005019923017590577,0.2874422887518458,0.1437236543374317
61.3000000000006,0.000006494408467798887,0.28854735158135775,0.14427692299491277
61.4000000000006,0.000012187727325821685,0.289658046836914,0.1448351172821199
61.500000000000604,0.000022159809532539848,0.2907744036026292,0.14539828170608085
61.600000000000605,0.0000364713180733042,0.2918964511056486,0.14596646121186097
61.70000000000061,0.00005518365830004224,0.2930242187166656,0.14653970118748283
61.80000000000061,0.00007835898738180335,0.2941577359504423,0.14711804746891205
61.90000000000061,0.00010606022388558619,0.2952970324663265,0.14770154634510604
62.00000000000061,0.00013835105748958364,0.29644213806877134,0.14829024456313047
62.10000000000061,0.00017529595883070278,0.2975930827078537,0.1488841893333422
62.200000000000614,0.0002169601894884801,0.29874989647979094,0.1494834283346397
62.300000000000615,0.0002634098121075058,0.29991260962745775,0.15008800971978262
62.40000000000062,0.00031471170066042466,0.3010812525409048,0.15069798212078261
62.50000000000062,0.0003709335508536207,0.30225585575787245,0.15131339465436303
62.60000000000062,0.00043214389067797247,0.3034364499643091,0.15193429692749352
62.70000000000062,0.0004984120911065246,0.30462306599488415,0.15256073904299533
62.80000000000062,0.0005698083769418924,0.3058157348335032,0.15319277160522254
62.900000000000624,0.0006464038378150644,0.30701448761382233,0.1538304457258187
63.000000000000625,0.0007282704393385785,0.30821935561976266,0.15447381302955063
63.10000000000063,0.0008154810344158641,0.3094303702860189,0.15512292566021738
63.20000000000063,0.0009081093747095927,0.3106475631985748,0.15577783628664219
63.30000000000063,0.0010062301222714678,0.3118709660952142,0.15643859810874283
63.40000000000063,0.0011099188613355306,0.31310061086602803,0.1571052648636818
63.50000000000063,0.0012192521102782241,0.3143365295539278,0.15777789083210303
63.600000000000634,0.0013343073337471147,0.31557875435515015,0.15845653084444863
63.700000000000635,0.0014551629549614793,0.31682731761976823,0.15914124028736484
63.80000000000064,0.0015818983681870373,0.3180822518521958,0.15983207511019143
63.90000000000064,0.0017145939513876652,0.31934358971169335,0.16052909183154052
64.00000000000064,0.001853331079057191,0.3206113640128733,0.16123234754596527
64.10000000000063,0.001998192135233442,0.3218856077262034,0.16194189993071842
64.20000000000063,0.002149260526698092,0.3231663539785093,0.1626578072526037
64.30000000000062,0.00230662069636469,0.3244536360534749,0.16338012837491978
64.40000000000062,0.002470358136858441,0.32574748739214465,0.16410892276450154
64.50000000000061,0.002640559404289921,0.3270479415934201,0.164844250498855
64.6000000000006,0.0028173121322267224,0.3283550324145584,0.16558617227339256
64.7000000000006,0.0030007050458655533,0.32966879377167013,0.16633474940876783
64.8000000000006,0.0031908279764081334,0.3309892597402125,0.1670900438583103
64.90000000000059,0.0033877718756442567,0.33231646455548286,0.16785211821556356
65.00000000000058,0.0035916288307451813,0.3336504426131132,0.1686210357219292
65.10000000000058,0.0038024920792707998,0.3349912284695587,0.16939686027441475
65.20000000000057,0.004020456024393868,0.3363388568425881,0.17017965643349098
65.30000000000057,0.0042456162503447855,0.33769336261177074,0.17096948943105778
65.40000000000056,0.004478069538080837,0.3390547808189633,0.17176642517852206
65.50000000000055,0.004717913881183173,0.34042314666879414,0.17257053027498867
65.60000000000055,0.004965248501984805,0.34179849552914715,0.17338187201556599
65.70000000000054,0.005220173867934178,0.34318086293163924,0.1742005183997867
65.80000000000054,0.005482791708197964,0.3445702845721062,0.1750265381401521
65.90000000000053,0.00575320503050584,0.3459667963110734,0.17586000067078963
66.00000000000053,0.006031518138243008,0.34737043417423574,0.17670097615623936
66.10000000000052,0.006317836647792803,0.3487812343529296,0.1775495355003612
66.20000000000051,0.0066122675061348725,0.3501992332046072,0.17840575035537104
66.30000000000051,0.006914919008701396,0.3516244672533023,0.17926969313100186
66.4000000000005,0.007225900817497835,0.3530569731901031,0.18014143700380048
66.5000000000005,0.007545323979489747,0.3544967878736121,0.18102105592655093
66.60000000000049,0.007873300945263347,0.3559439483304165,0.1819086246378399
66.70000000000049,0.00820994558796075,0.35739849175554467,0.1828042186717527
66.80000000000048,0.00855537322249709,0.35886045551292656,0.18370791436771183
66.90000000000047,0.00890970062506337,0.36032987713585224,0.1846197888804578
67.00000000000047,0.00927304605291915,0.36180679432742546,0.18553992019017232
67.10000000000046,0.009645529264480123,0.363291244961015,0.18646838711274757
67.20000000000046,0.010027271539706624,0.36478326708070585,0.18740526931020624
67.30000000000045,0.010418395700796394,0.3662828989017483,0.18835064730127235
67.40000000000045,0.01081902613318702,0.36779017881099846,0.18930460247209274
67.50000000000044,0.011229288806874781,0.3693051453673645,0.19026721708711963
67.60000000000043,0.011649311298052429,0.37082783730224467,0.19123857430014854
67.70000000000043,0.01207922281107417,0.3723582935199647,0.19221875816551942
67.80000000000042,0.012519154200750972,0.3738965530982127,0.19320785364948181
67.90000000000042,0.012969237994982832,0.3754426552884696,0.19420594664172622
68.00000000000041,0.013429608417734006,0.3769966395164391,0.19521312396708654
68.1000000000004,0.01390040141235565,0.37855854538247347,0.19622947339741456
68.2000000000004,0.014381754665263162,0.38012841266199515,0.19725508366362915
68.3000000000004,0.014873807629973741,0.381706281305918,0.19829004446794588
68.40000000000039,0.015376701551509046,0.3832921914410648,0.19933444649628693
68.50000000000038,0.01589057949117167,0.38488618337057917,0.20038838143087542
68.60000000000038,0.016415586351699055,0.3864882975743385,0.20145194196301877
68.70000000000037,0.01695186890280352,0.38809857470935977,0.20252522180608165
68.80000000000037,0.01749957580710298,0.389717055610205,0.20360831570865398
68.90000000000036,0.01805885764645107,0.3913437812893816,0.2047013194679163
69.00000000000036,0.018629866948671837,0.3929787929377406,0.20580432994320622
69.10000000000035,0.019212758214706308,0.394622131924869,0.20691744506978765
69.20000000000034,0.019807687946179407,0.3962738397994841,0.20804076387283177
69.30000000000034,0.020414814673391717,0.3979339582898169,0.20917438648160433
69.40000000000033,0.021034298983746286,0.3996025293039976,0.21031841414387192
69.50000000000033,0.021666303550616144,0.40127959493043547,0.21147294924052581
69.60000000000032,0.0223109931626611,0.4029651974381959,0.21263809530042851
69.70000000000032,0.022968534753599994,0.4046593792773702,0.2138139570154851
69.80000000000031,0.02363909743244955,0.4063621830794484,0.21500064025594898
69.9000000000003,0.024322852514233585,0.4080736516576791,0.21619825208595636
70.0000000000003,0.02501997355117523,0.40979382800743447,0.21740690077930486
70.10000000000029,0.02573063636437718,0.41152275530656546,0.2186266958354713
70.20000000000029,0.02645501907600014,0.4132604769157546,0.21985774799587737
70.30000000000028,0.02719330214194789,0.4150070363788652,0.22110016926040654
70.40000000000028,0.027945668385067166,0.41676247742328476,0.22235407290417597
70.50000000000027,0.02871230302887413,0.4185268439602664,0.22361957349457026
70.60000000000026,0.029493393731811483,0.42030018008526476,0.22489678690853812
70.70000000000026,0.03028913062205152,0.4220825300782664,0.22618583035015896
70.80000000000025,0.031099706332851057,0.42387393840411947,0.22748682236848528
70.90000000000025,0.03192531603846814,0.42567444971285273,0.22879988287566044
71.00000000000024,0.03276615749065269,0.42748410883999755,0.23012513316532512
71.10000000000024,0.0336224310557188,0.4293029608068983,0.23146269593130853
71.20000000000023,0.034494339752211486,0.4311310508210235,0.2328126952866175
71.30000000000022,0.035382089289176175,0.43296842427626847,0.23417525678272233
71.40000000000022,0.03628588810504278,0.43481512675325545,0.23555050742914913
71.50000000000021,0.037205947407136224,0.4366712040196276,0.23693857571338192
71.60000000000021,0.038142481211822975,0.4385367020303388,0.23833959162108087
71.7000000000002,0.039095706385306205,0.4404116669279374,0.23975368665662178
71.8000000000002,0.04006584268508198,0.4422961450428479,0.24118099386396497
71.90000000000019,0.04105311280206405,0.4441901828936417,0.24262164784785287
72.00000000000018,0.04205774240339788,0.4460938271873093,0.24407578479535358
72.10000000000018,0.04307996017596637,0.44800712481952365,0.24554354249774502
72.20000000000017,0.04411999787060746,0.4499301228748958,0.24702506037275163
72.30000000000017,0.04517809034705356,0.45186286862723307,0.24852047948714331
72.40000000000016,0.046254475619605176,0.4538054095397823,0.25002994257969374
72.50000000000016,0.04734939490355415,0.4557577932654733,0.2515535940845137
72.60000000000015,0.04846309266237004,0.4577200676471577,0.2530915801547639
72.70000000000014,0.04959581665566015,0.4596922807178359,0.25464404868674806
72.80000000000014,0.050747817987924666,0.4616744807008854,0.25621114934440503
72.90000000000013,0.05191935115811226,0.463666716010278,0.25779303358419514
73.00000000000013,0.05311067411000024,0.46566903525079534,0.25938985468039777
73.10000000000012,0.05432204828340714,0.46768148721823455,0.26100176775082085
73.20000000000012,0.05555373866625735,0.46970412089961044,0.2626289297829339
73.30000000000011,0.056806013847512854,0.47173698547335163,0.26427149966043223
73.4000000000001,0.058079146070986,0.4737801303094891,0.26592963819023757
73.5000000000001,0.05937341129005455,0.4758336049698388,0.26760350812994665
73.6000000000001,0.060689089223289854,0.47789745920817933,0.26929327421573457
73.70000000000009,0.062026463411019916,0.47997174297042244,0.2709991031907212
73.80000000000008,0.06338582127284441,0.48205650639477676,0.27272116383381056
73.90000000000008,0.06476745416611389,0.4841517998119039,0.2744596269890089
74.00000000000007,0.06617165744540272,0.48625767374507123,0.276214665595237
74.10000000000007,0.06759873052298256,0.48837417891029694,0.27798645471663974
74.20000000000006,0.06904897693032123,0.49050136621648355,0.27977517157340237
74.30000000000005,0.07052270438062802,0.49263928676555346,0.28158099557309074
74.40000000000005,0.07202022483246077,0.4947879918525688,0.2834041083425148
74.50000000000004,0.07354185455441838,0.49694753296585115,0.2852446937601348
74.60000000000004,0.07508791419093808,0.4991179617870904,0.2871029379890142
74.70000000000003,0.07665872882921762,0.5012993301914471,0.2889790295103324
74.80000000000003,0.07825462806728811,0.5034916902476498,0.290873159157469
74.90000000000002,0.07987594608325367,0.5056950942180817,0.29278552015066767
75.00000000000001,0.08152302170572294,0.5079095945588611,0.294716308132292
75.10000000000001,0.08319619848546166,0.5101352439199193,0.29666572120269047
75.2,0.08489582476827509,0.5123720951450611,0.2986339599566681
75.3,0.08662225376916236,0.514620201272029,0.30062122752059567
75.39999999999999,0.08837584364775068,0.5168796155325514,0.302627729590151
75.49999999999999,0.09015695758504713,0.5191503913523863,0.3046536744687167
75.59999999999998,0.09196596386152482,0.5214325823513561,0.30669927310644046
75.69999999999997,0.09380323593657838,0.5237262423433798,0.3087647391399791
75.79999999999997,0.09566915252936306,0.5260314253364878,0.31085028893292543
75.89999999999996,0.09756409770105819,0.5283481855328362,0.31295614161694724
75.99999999999996,0.09948846093857437,0.5306765773287114,0.3150825191336429
76.09999999999995,0.10144263723973605,0.5330166553145249,0.31722964627713046
76.19999999999995,0.1034270271999659,0.535368474274802,0.31939775073738397
76.29999999999994,0.10544203710050598,0.5377320891881582,0.32158706314433205
76.39999999999993,0.10748807899820106,0.5401075552272749,0.32379781711273803
76.49999999999993,0.1095655708168774,0.5424949277588579,0.3260302492878676
76.59999999999992,0.11167493644034841,0.544894262343594,0.3282845993919712
76.69999999999992,0.1138166058070794,0.5473056147360937,0.3305611102715866
76.79999999999991,0.11599101500654675,0.549729040884831,0.33286002794568886
76.8999999999999,0.11819860637732209,0.5521645969320688,0.3351816016546954
76.9999999999999,0.12043982860691974,0.5546123392137812,0.33752608391035044
77.0999999999999,0.1227151368334382,0.5570723242595593,0.33989373054649874
77.19999999999989,0.1250249927490389,0.5595446087925184,0.34228480077077866
77.29999999999988,0.12736986470529033,0.5620292497291828,0.34469955721723655
77.39999999999988,0.12975022782042625,0.5645263041793754,0.34713826599990083
77.49999999999987,0.1321665640885493,0.5670358294460908,0.34960119676732004
77.59999999999987,0.1346193624908155,0.5695578830253546,0.35208862275808506
77.69999999999986,0.13710911910865994,0.5720925226060867,0.3546008208573733
77.79999999999986,0.13963633723907506,0.5746398060699387,0.3571380716545069
77.89999999999985,0.14220152751201307,0.5771997914911358,0.3597006595015744
77.99999999999984,0.14480520800994112,0.5797725371363045,0.3622888725731228
78.09999999999984,0.1474479043895881,0.5823581014642832,0.36490300292693567
78.19999999999983,0.15013015000595026,0.5849565431259369,0.36754334656594356
78.29999999999983,0.15285248603857188,0.5875679209639473,0.37021020350125955
78.39999999999982,0.15561546162018286,0.5901922940126064,0.37290387781639467
78.49999999999982,0.15841963396770808,0.592829721497591,0.3756246777326495
78.59999999999981,0.16126556851572912,0.595480262835732,0.37837291567573056
78.6999999999998,0.16415383905241773,0.5981439776347675,0.3811489083435926
78.7999999999998,0.1670850278580297,0.6008209256930961,0.3839529767755629
78.89999999999979,0.17005972584597698,0.6035111669995085,0.3867854464227427
78.99999999999979,0.1730785327065577,0.6062147617329166,0.38964664721973713
79.09999999999978,0.17614205705338523,0.6089317702620656,0.3925369136577254
79.19999999999978,0.17925091657258901,0.6116622531452458,0.39545658485891744
79.29999999999977,0.18240573817482506,0.614406271129983,0.39840600465240406
79.39999999999976,0.18560715815017398,0.617163885152723,0.4013855216514485
79.49999999999976,0.18885582232597786,0.6199351563385039,0.4043954893322409
79.59999999999975,0.19215238622768646,0.6227201460006213,0.4074362661141539
79.69999999999975,0.19549751524276987,0.6255189156402777,0.4105082154415238
79.79999999999974,0.1988918847877655,0.6283315269462231,0.4136117058669943
79.89999999999974,0.2023361804785339,0.6311580417943872,0.41674711113646057
79.99999999999973,0.20583109830377774,0.6339985222474922,0.419914810275635
80.09999999999972,0.20937734480191297,0.636853030554664,0.4231151876782885
80.19999999999972,0.21297563724134772,0.6397216291510277,0.4263486331961877
80.29999999999971,0.21662670380425655,0.6426043806572889,0.4296155422307727
80.39999999999971,0.2203312837739176,0.6455013478793088,0.4329163158266132
80.4999999999997,0.22409012772569423,0.6484125938076679,0.4362513607666811
80.5999999999997,0.22790399772173922,0.6513381816172098,0.4396210896694745
80.69999999999969,0.23177366750950235,0.6542781746665808,0.44302592108804156
80.79999999999968,0.2356999227241383,0.6572326364977622,0.44646627961095026
80.89999999999968,0.2396835610948674,0.6602016308355756,0.4499425959652215
80.99999999999967,0.2437253926554231,0.6631852215871897,0.45345530712130644
81.09999999999967,0.2478262399586359,0.6661834728416122,0.457004856400124
81.19999999999966,0.25198693829526886,0.6691964488691633,0.4605916935822161
81.29999999999966,0.2562083359171934,0.6722242141209464,0.46421627501906987
81.39999999999965,0.26049129426499446,0.6752668332282971,0.4678790637466458
81.49999999999964,0.264836688200131,0.6783243710022323,0.4715805296011817
81.59999999999964,0.26924540624170235,0.6813968924328683,0.4753211493372853
81.69999999999963,0.2737183508079964,0.6844844626888504,0.4791014067484234
81.79999999999963,0.2782564384628496,0.6875871471167455,0.4829217927897975
81.89999999999962,0.28286060016699555,0.6907050112404399,0.48678280570371774
81.99999999999962,0.2875317815344619,0.693838120760513,0.49068495114748745
82.09999999999961,0.2922709430941812,0.6969865415536125,0.49462874232389686
82.1999999999996,0.2970790605568785,0.7001503396717972,0.49861470011433784
82.2999999999996,0.3019571250874106,0.7033295813418857,0.5026433532146481
82.3999999999996,0.3069061435826349,0.7065243329647759,0.5067152382737055
82.49999999999959,0.31192713895497415,0.7097346611147647,0.5108309000348694
82.59999999999958,0.3170211504217867,0.7129606325388476,0.5149908914803172
82.69999999999958,0.3221892338006745,0.7162023141560064,0.5191957739783405
82.79999999999957,0.3274324618108828,0.7194597730564847,0.5234461174336837
82.89999999999957,0.3327519243809117,0.7227330765010462,0.527742500440979
82.99999999999956,0.3381487289625037,0.7260222919202256,0.5320855104413647
83.09999999999955,0.3436240008511481,0.7293274869135606,0.5364757438823544
83.19999999999955,0.3491788835132598,0.732648729248819,0.5409138063810394
83.29999999999954,0.35481453892015624,0.7359860868611916,0.5454003128906739
83.39999999999954,0.360532147889069,0.7393396278525025,0.5499358878707857
83.49999999999953,0.3663329104312661,0.7427094204903802,0.5545211654608232
83.59999999999953,0.37221804610750375,0.7460955332074193,0.5591567896574615
83.69999999999952,0.378188794390993,0.7494980346003384,0.5638434144956657
83.79999999999951,0.384246415038029,0.7529169934291244,0.5685817042335767
83.89999999999951,0.39039218846644375,0.7563524786161352,0.5733723335412895
83.9999999999995,0.39662741614217634,0.7598045592452368,0.5782159876937065
84.0999999999995,0.4029534209740025,0.7632733045608765,0.5831133627674395
84.19999999999949,0.4093715477167425,0.7667587839671725,0.5880651658419574
84.29999999999949,0.4158831633831133,0.7702610670269825,0.5930721152050479
84.39999999999948,0.42248965766441077,0.7737802234609602,0.5981349405626855
84.49999999999947,0.42919244336024365,0.7773163231465781,0.6032543832534109
84.59999999999947,0.43599295681759376,0.7808694361171697,0.6084311964673818
84.69999999999946,0.44289265837933695,0.7844396325609234,0.6136661454701302
84.79999999999946,0.4498930328425423,0.7880269828198851,0.6189600078312137
84.89999999999945,0.45699558992674627,0.7916315573889404,0.6243135736578433
84.99999999999945,0.46420186475242103,0.7952534269147649,0.629727645833593
85.09999999999944,0.4715134183299938,0.7988926621947962,0.6352030402623949
85.19999999999943,0.47893183805951367,0.8025493341761459,0.6407405861178298
85.29999999999943,0.48645873824142194,0.8062235139545438,0.6463411260979829
85.39999999999942,0.49409576059849936,0.8099152727732164,0.6520055166858578
85.49999999999942,0.5018445748094758,0.8136246820218024,0.6577346284156391
85.59999999999941,0.5097068790544084,0.8173518132352086,0.6635293461448084
85.6999999999994,0.5176844005722561,0.8210967380924792,0.6693905693323676
85.7999999999994,0.5257788962309042,0.8248595284156438,0.6753192123232741
85.8999999999994,0.5339921531099199,0.8286402561685322,0.681316204639226
85.99999999999939,0.5423259890964521,0.8324389934556047,0.6873824912760285
86.09999999999938,0.5507822534944978,0.8362558125207314,0.6935190330076146
86.19999999999938,0.5593628276480272,0.8400907857460052,0.6997268066970161
86.29999999999937,0.5680696255780778,0.8439439856504664,0.7060068056142721
86.39999999999937,0.5769045946345199,0.8478154848889017,0.7123600397617108
86.49999999999936,0.585869716162471,0.8517053562505384,0.7187875362065047
86.59999999999935,0.5949670061841311,0.8556136726577976,0.7252903394209644
86.69999999999935,0.6041985160960789,0.8595405071649675,0.7318695116305232
86.79999999999934,0.6135663333827729,0.8634859329569274,0.7385261331698502
86.89999999999934,0.6230725823463477,0.8674500233477945,0.7452613028470711
86.99999999999933,0.6327194248533469,0.8714328517795762,0.7520761383164616
87.09999999999933,0.6425090610988688,0.8754344918208442,0.7589717764598565
87.19999999999932,0.652443730388329,0.879455017165327,0.765949373776828
87.29999999999932,0.6625257119375935,0.8834945016305391,0.7730101067840662
87.39999999999931,0.6727573256917254,0.8875530191563469,0.7801551724240361
87.4999999999993,0.6831409331631021,0.8916306438035781,0.7873857884833402
87.5999999999993,0.6936789382891363,0.8957274497525657,0.794703194020851
87.69999999999929,0.7043737883103336,0.8998435113017014,0.8021086498060175
87.79999999999929,0.7152279746690475,0.9039789028659382,0.8096034387674929
87.89999999999928,0.7262440339297468,0.9081336989753322,0.8171888664525395
87.99999999999928,0.7374245487211072,0.9123079742735289,0.8248662614973181
88.09999999999927,0.7487721487006073,0.9165018035162233,0.8326369761084154
88.19999999999926,0.7602895115423841,0.9207152615696496,0.8405023865560168
88.29999999999926,0.7719793639487283,0.9249484234090154,0.8484638936788719
88.39999999999925,0.7838444826860249,0.9292013641169203,0.8565229234014726
88.49999999999925,0.7958876956457952,0.9334741588817796,0.8646809272637874
88.59999999999924,0.8081118829315304,0.937766882996232,0.8729393829638812
88.69999999999924,0.8205199779719048,0.9420796118554985,0.8812997949137016
88.79999999999923,0.8331149686612135,0.9464124209557371,0.8897636948084753
88.89999999999922,0.8458998985279267,0.9507653858924315,0.8983326422101792
88.99999999999922,0.8588778679317097,0.9551385823586703,0.9070082251451901
89.09999999999921,0.8720520352901443,0.9595320861434703,0.9157920607168073
89.1999999999992,0.8854256183359209,0.9639459731301186,0.9246857957330198
89.2999999999992,0.899001895404968,0.9683803192944043,0.9336911073496861
89.3999999999992,0.9127842067567224,0.9728352007028542,0.9428097037297883
89.49999999999919,0.9267759559277056,0.9773106935110537,0.9520433247193796
89.59999999999918,0.9409806111187067,0.9818068739618414,0.9613937425402741
89.69999999999918,0.9554017066167527,0.9863238183834555,0.9708627625001041
89.79999999999917,0.9700428442534027,0.9908616031878078,0.9804522237206053
89.89999999999917,0.9849076949002203,0.9954203048688092,0.9901639998845148
89.99999999999916,1,1,1