timestamp,position_mm
1771450469.4265096,-0.000244140625
1771450469.5225992,0.08837890625
1771450469.625537,0.19287109375
1771450469.7263818,0.2958984375
1771450469.8284917,0.3974609375
1771450469.9306448,0.49658203125
1771450470.0341194,0.598876953125
1771450470.1344657,0.7001953125
1771450470.2365692,0.797607421875
1771450470.3331559,0.898681640625
1771450470.4347107,1.001220703125
1771450470.5367453,1.098388671875
1771450470.6380274,1.205322265625
1771450470.7403822,1.302978515625
1771450470.8366308,1.405029296875
1771450470.9387438,1.5048828125
1771450471.0466237,1.60595703125
1771450471.1432087,1.709716796875
1771450471.24472,1.813232421875
1771450471.3472397,1.914794921875
1771450471.4486814,2.015380859375
1771450471.5507498,2.118896484375
1771450471.6467774,2.215576171875
1771450471.7483075,2.31689453125
1771450471.8509696,2.416748046875
1771450471.952697,2.518798828125
1771450472.0486295,2.613525390625
1771450472.157085,2.71875
1771450472.2583616,2.82080078125
1771450472.3546205,2.921630859375
1771450472.4566593,3.021240234375
1771450472.5585284,3.119384765625
1771450472.6605387,3.22607421875
1771450472.763114,3.3291015625
1771450472.8651285,3.43017578125
1771450472.9666355,3.531494140625
1771450473.062602,3.62451171875
1771450473.1643357,3.729248046875
1771450473.266493,3.83203125
1771450473.3685904,3.93408203125
1771450473.4707327,4.035400390625
1771450473.5727005,4.132080078125
1771450473.6684587,4.23388671875
1771450473.7699313,4.333984375
1771450473.871723,4.436767578125
1771450473.9736788,4.537109375
1771450474.0757706,4.635009765625
1771450474.1727176,4.7353515625
1771450474.2745945,4.839111328125
1771450474.3766558,4.939453125
1771450474.4783359,5.0419921875
1771450474.5805848,5.14111328125
1771450474.6826122,5.246826171875
1771450474.7846007,5.345703125
1771450474.8806431,5.445068359375
1771450474.982114,5.548095703125
1771450475.084591,5.649169921875
1771450475.186295,5.753662109375
1771450475.2889152,5.856201171875
1771450475.390178,5.95751953125
1771450475.4864013,6.05322265625
1771450475.5886157,6.156494140625
1771450475.689957,6.259765625
1771450475.7931144,6.363037109375
1771450475.894422,6.463623046875
1771450475.996572,6.56591796875
1771450476.0928621,6.660400390625
1771450476.1947546,6.7626953125
1771450476.2963169,6.864501953125
1771450476.3983314,6.96728515625
1771450476.500512,7.06787109375
1771450476.6026404,7.166015625
1771450476.7047145,7.27197265625
1771450476.8006248,7.365966796875
1771450476.9031198,7.468017578125
1771450477.0046058,7.569091796875
1771450477.1064727,7.671875
1771450477.2086825,7.776123046875
1771450477.310694,7.877685546875
1771450477.4064343,7.971923828125
1771450477.5079885,8.075439453125
1771450477.610517,8.1767578125
1771450477.7126274,8.279541015625
1771450477.8135128,8.381591796875
1771450477.9166086,8.482421875
1771450478.0186944,8.5830078125
1771450478.1204476,8.680908203125
1771450478.2161846,8.78173828125
1771450478.3187099,8.885009765625
1771450478.4210422,8.985595703125
1771450478.5231185,9.086181640625
1771450478.6244802,9.18701171875
1771450478.727125,9.29150390625
1771450478.82839,9.395263671875
1771450478.9306002,9.4912109375
1771450479.0265844,9.593017578125
1771450479.1286254,9.6943359375
1771450479.2300992,9.796875
1771450479.3327115,9.8994140625
1771450479.4344525,10.001220703125
1771450479.536685,10.102783203125
1771450479.6385663,10.200439453125
1771450479.740306,10.307373046875
1771450479.8424509,10.407470703125
1771450479.94497,10.508056640625
1771450480.0466156,10.606201171875
1771450480.1424942,10.704833984375
1771450480.2446034,10.809326171875
1771450480.346585,10.912109375
1771450480.4483545,11.01220703125
1771450480.55034,11.11376953125
1771450480.652434,11.21630859375
1771450480.7551265,11.317138671875
1771450480.8507826,11.41357421875
1771450480.9528975,11.5146484375
1771450481.0547135,11.6171875
1771450481.1504467,11.713134765625
1771450481.258271,11.8232421875
1771450481.3606584,11.924072265625
1771450481.4620688,12.0263671875
1771450481.5645149,12.127685546875
1771450481.6600714,12.220458984375
1771450481.7631764,12.32470703125
1771450481.8645005,12.427490234375
1771450481.9662688,12.528076171875
1771450482.068624,12.63134765625
1771450482.1703382,12.7314453125
1771450482.2731774,12.83447265625
1771450482.374245,12.93505859375
1771450482.4706237,13.0302734375
1771450482.5721023,13.13330078125
1771450482.674423,13.236328125
1771450482.7769816,13.3388671875
1771450482.8786292,13.441162109375
1771450482.9803104,13.542236328125
1771450483.0822604,13.643798828125
1771450483.1849642,13.74169921875
1771450483.280313,13.8427734375
1771450483.382387,13.945556640625
1771450483.4843147,14.046142578125
1771450483.5866706,14.151123046875
1771450483.6894498,14.253662109375
1771450483.7904346,14.356689453125
1771450483.8866189,14.451171875
1771450483.9883077,14.5537109375
1771450484.0904474,14.654541015625
1771450484.193151,14.756591796875
1771450484.2945757,14.859619140625
1771450484.3965468,14.9619140625
1771450484.4988859,15.0615234375
1771450484.5944133,15.15966796875
1771450484.69648,15.263671875
1771450484.7986584,15.36572265625
1771450484.9002135,15.466796875
1771450485.002196,15.56787109375
1771450485.0986366,15.666259765625
1771450485.200473,15.763427734375
1771450485.302523,15.87060546875
1771450485.4050753,15.97119140625
1771450485.5064197,16.07470703125
1771450485.60848,16.1767578125
1771450485.711274,16.2802734375
1771450485.812644,16.381103515625
1771450485.9146016,16.476806640625
1771450486.01073,16.5771484375
1771450486.1124725,16.678466796875
1771450486.214265,16.78271484375
1771450486.3164682,16.88427734375
1771450486.418579,16.986083984375
1771450486.520767,17.087646484375
1771450486.6166391,17.1845703125
1771450486.7178986,17.28125
1771450486.8207548,17.39013671875
1771450486.9231846,17.489501953125
1771450487.0245738,17.5927734375
1771450487.126927,17.694091796875
1771450487.228869,17.798095703125
1771450487.3309712,17.899169921875
1771450487.4265058,17.995361328125
1771450487.5286157,18.097412109375
1771450487.6306758,18.201171875
1771450487.7327127,18.302001953125
1771450487.8343554,18.40283203125
1771450487.9366117,18.504150390625
1771450488.0387864,18.60498046875
1771450488.134489,18.70263671875
1771450488.2360413,18.804443359375
1771450488.3384078,18.906982421875
1771450488.4406216,19.007080078125
1771450488.5416665,19.108642578125
1771450488.6452355,19.21044921875
1771450488.7463846,19.313720703125
1771450488.8483863,19.408447265625
1771450488.9445958,19.508056640625
1771450489.0467434,19.60986328125
1771450489.1488855,19.713623046875
1771450489.250116,19.81591796875
1771450489.3525033,19.91650390625
1771450489.4546003,20.01806640625
1771450489.55609,20.119140625
1771450489.6519432,20.215576171875
1771450489.753804,20.31640625
1771450489.8564823,20.418701171875
1771450489.9587648,20.518798828125
1771450490.060573,20.621337890625
1771450490.162084,20.7216796875
1771450490.2646875,20.8251953125
1771450490.3605993,20.920166015625
1771450490.4631824,21.020751953125
1771450490.5645697,21.123291015625
1771450490.666627,21.226318359375
1771450490.7682052,21.327880859375
1771450490.8703551,21.429931640625
1771450490.9723978,21.529541015625
1771450491.0744872,21.632080078125
1771450491.170595,21.7294921875
1771450491.2722208,21.830810546875
1771450491.3743227,21.93359375
1771450491.4762197,22.033935546875
1771450491.5784676,22.136962890625
1771450491.6806993,22.23876953125
1771450491.782329,22.3388671875
1771450491.8786304,22.435302734375
1771450491.9799645,22.537353515625
1771450492.0824885,22.637939453125
1771450492.1844316,22.740478515625
1771450492.2867184,22.842529296875
1771450492.3829947,22.93701171875
1771450492.48426,23.038818359375
1771450492.586511,23.141357421875
1771450492.6883168,23.244140625
1771450492.7905781,23.3466796875
1771450492.8931923,23.447021484375
1771450492.9947379,23.54736328125
1771450493.0965798,23.64599609375
1771450493.1931899,23.74658203125
1771450493.294487,23.850830078125
1771450493.3966832,23.951416015625
1771450493.4984608,24.053955078125
1771450493.6005225,24.155517578125
1771450493.7025225,24.256591796875
1771450493.8044457,24.35888671875
1771450493.9066985,24.45947265625
1771450494.0031996,24.5546875
1771450494.1043658,24.65673828125
1771450494.2063076,24.760009765625
1771450494.30865,24.8623046875
1771450494.410671,24.96337890625
1771450494.5126488,25.063720703125
1771450494.6143453,25.16748046875
1771450494.715477,25.265869140625
1771450494.806624,25.357177734375
1771450494.9143527,25.466064453125
1771450495.0166209,25.56884765625
1771450495.1189237,25.670654296875
1771450495.2209601,25.771728515625
1771450495.316745,25.870361328125
1771450495.4187381,25.97265625
1771450495.5202787,26.07470703125
1771450495.6231496,26.177490234375
1771450495.7244227,26.28125
1771450495.826351,26.383056640625
1771450495.9224036,26.478271484375
1771450496.024607,26.57958984375
1771450496.126333,26.6826171875
1771450496.2286627,26.78466796875
1771450496.3311276,26.887451171875
1771450496.4265685,26.98095703125
1771450496.5282688,27.083740234375
1771450496.630261,27.18408203125
1771450496.7331417,27.285400390625
1771450496.8347855,27.383544921875
1771450496.9366744,27.483642578125
1771450497.0323272,27.579833984375
1771450497.134498,27.682861328125
1771450497.2362294,27.78759765625
1771450497.3381271,27.889892578125
1771450497.4406824,27.989013671875
1771450497.5426376,28.084228515625
1771450497.6379251,28.183349609375
1771450497.7406108,28.284423828125
1771450497.8422172,28.379638671875
1771450497.9445603,28.484375
1771450498.0460567,28.587158203125
1771450498.1486733,28.688720703125
1771450498.244488,28.785400390625
1771450498.3464868,28.8837890625
1771450498.4482791,28.9892578125
1771450498.550643,29.09033203125
1771450498.652299,29.1953125
1771450498.7545848,29.29833984375
1771450498.856354,29.40234375
1771450498.9584723,29.50439453125
1771450499.055354,29.600341796875
1771450499.156599,29.703369140625
1771450499.258652,29.8056640625
1771450499.3543162,29.902099609375
1771450499.4625092,30.01171875
1771450499.5645962,30.11572265625
1771450499.666559,30.218994140625
1771450499.7625308,30.31689453125
1771450499.864163,30.414306640625
1771450499.9667356,30.51904296875
1771450500.0687358,30.62060546875
1771450500.1707015,30.724609375
1771450500.2665398,30.81982421875
1771450500.3682861,30.920166015625
1771450500.4698496,31.02294921875
1771450500.5731487,31.126708984375
1771450500.6745796,31.2275390625
1771450500.7765849,31.3291015625
1771450500.8790197,31.4306640625
1771450500.974535,31.525146484375
1771450501.0766253,31.628662109375
1771450501.178534,31.730712890625
1771450501.2808557,31.833984375
1771450501.3817668,31.930419921875
1771450501.484441,32.036865234375
1771450501.5872223,32.137451171875
1771450501.6885903,32.24072265625
1771450501.7843068,32.339599609375
1771450501.8860075,32.438232421875
1771450501.9883263,32.542724609375
1771450502.090597,32.646240234375
1771450502.1925788,32.747802734375
1771450502.29499,32.845703125
1771450502.3895683,32.94287109375
1771450502.492669,33.04833984375
1771450502.5940537,33.1513671875
1771450502.6967616,33.25390625
1771450502.7986116,33.357666015625
1771450502.8940368,33.451416015625
1771450502.996865,33.553955078125
1771450503.0986028,33.655517578125
1771450503.200387,33.760498046875
1771450503.303151,33.862548828125
1771450503.4036322,33.958984375
1771450503.5066693,34.064453125
1771450503.608587,34.167236328125
1771450503.7043903,34.26220703125
1771450503.806249,34.364501953125
1771450503.908751,34.4619140625
1771450504.010615,34.567138671875
1771450504.1127365,34.6689453125
1771450504.2140715,34.77001953125
1771450504.3106396,34.86767578125
1771450504.4126172,34.96728515625
1771450504.5143883,35.070068359375
1771450504.6164577,35.17138671875
1771450504.718589,35.27490234375
1771450504.8206358,35.375732421875
1771450504.9227307,35.4716796875
1771450505.018607,35.572509765625
1771450505.1207767,35.6767578125
1771450505.22321,35.7783203125
1771450505.3246014,35.880615234375
1771450505.426509,35.979248046875
1771450505.528096,36.084716796875
1771450505.6306798,36.1884765625
1771450505.726594,36.28466796875
1771450505.828919,36.387451171875
1771450505.930616,36.486083984375
1771450506.0321498,36.58935546875
1771450506.1343884,36.690185546875
1771450506.2368379,36.792724609375
1771450506.3322139,36.890380859375
1771450506.434493,36.991455078125
1771450506.53611,37.092529296875
1771450506.63836,37.195556640625
1771450506.7405999,37.2958984375
1771450506.8426714,37.392333984375
1771450506.9384773,37.490234375
1771450507.0404813,37.593505859375
1771450507.1426268,37.696044921875
1771450507.2446058,37.801025390625
1771450507.34661,37.9013671875
1771450507.4431615,37.99560546875
1771450507.544202,38.095703125
1771450507.6459355,38.195556640625
1771450507.7487702,38.2978515625
1771450507.850231,38.39892578125
1771450507.9523592,38.496337890625
1771450508.053917,38.60107421875
1771450508.1497378,38.697265625
1771450508.2526066,38.7998046875
1771450508.3547146,38.90185546875
1771450508.4569478,39.0009765625
1771450508.5585961,39.104248046875
1771450508.6602588,39.207275390625
1771450508.7560384,39.30517578125
1771450508.858669,39.408447265625
1771450508.9605916,39.5107421875
1771450509.0628746,39.612548828125
1771450509.1644185,39.715087890625
1771450509.2663085,39.81689453125
1771450509.3684459,39.91845703125
1771450509.465349,40.01611328125
1771450509.5666788,40.119140625
1771450509.6686525,40.224853515625
1771450509.770779,40.32666015625
1771450509.8728628,40.427001953125
1771450509.9675188,40.522216796875
1771450510.0702517,40.625732421875
1771450510.172582,40.72705078125
1771450510.2743115,40.8310546875
1771450510.3765085,40.9306640625
1771450510.473216,41.026611328125
1771450510.57467,41.127197265625
1771450510.677098,41.227783203125
1771450510.7784789,41.328857421875
1771450510.8805897,41.428466796875
1771450510.982607,41.529052734375
1771450511.07866,41.62451171875
1771450511.1806061,41.7294921875
1771450511.282203,41.832763671875
1771450511.3843265,41.93408203125
1771450511.4863887,42.031982421875
1771450511.5885956,42.13427734375
1771450511.6843278,42.22900390625
1771450511.786359,42.330322265625
1771450511.8885317,42.43115234375
1771450511.9906135,42.532958984375
1771450512.092675,42.63427734375
1771450512.1948004,42.732177734375
1771450512.2902334,42.83349609375
1771450512.3925161,42.93505859375
1771450512.4947941,43.036376953125
1771450512.5964165,43.138671875
1771450512.698192,43.243896484375
1771450512.8005393,43.34619140625
1771450512.8964882,43.443359375
1771450512.9984431,43.54443359375
1771450513.1005926,43.6484375
1771450513.2029722,43.74951171875
1771450513.304425,43.85400390625
1771450513.406562,43.95458984375
1771450513.5085995,44.052490234375
1771450513.6043963,44.1552734375
1771450513.706641,44.257080078125
1771450513.8088975,44.359619140625
1771450513.9105377,44.46044921875
1771450514.0124114,44.56201171875
1771450514.1145995,44.665283203125
1771450514.2166457,44.76416015625
1771450514.313222,44.863525390625
1771450514.4145384,44.96435546875
1771450514.5164094,45.064453125
1771450514.6186619,45.167724609375
1771450514.7205353,45.26806640625
1771450514.8226485,45.370849609375
1771450514.9247448,45.467041015625
1771450515.020361,45.56689453125
1771450515.123228,45.6689453125
1771450515.2244549,45.773193359375
1771450515.3266053,45.874755859375
1771450515.4276767,45.975830078125
1771450515.5305293,46.078125
1771450515.626488,46.17431640625
1771450515.7286694,46.2783203125
1771450515.8308709,46.380126953125
1771450515.9323633,46.48193359375
1771450516.0345268,46.583740234375
1771450516.1367471,46.68017578125
1771450516.232482,46.78173828125
1771450516.3342843,46.88427734375
1771450516.4364207,46.984375
1771450516.538618,47.08837890625
1771450516.6403346,47.190673828125
1771450516.742464,47.295654296875
1771450516.8442187,47.396728515625
1771450516.9402199,47.492431640625
1771450517.0425613,47.593994140625
1771450517.1446435,47.697021484375
1771450517.2464252,47.798828125
1771450517.348707,47.9013671875
1771450517.4503384,47.99853515625
1771450517.5467346,48.09814453125
1771450517.648251,48.201904296875
1771450517.7505767,48.302734375
1771450517.852022,48.4052734375
1771450517.9546056,48.505126953125
1771450518.0505586,48.6015625
1771450518.153228,48.703125
1771450518.2546961,48.806396484375
1771450518.3566048,48.906982421875
1771450518.4587135,49.0087890625
1771450518.5605087,49.110107421875
1771450518.6623423,49.213134765625
1771450518.7643244,49.314208984375
1771450518.8602498,49.41064453125
1771450518.9631708,49.51123046875
1771450519.0644352,49.614501953125
1771450519.1667502,49.716552734375
1771450519.2683275,49.81787109375
1771450519.3696115,49.921630859375
1771450519.4716573,50.0224609375
1771450519.5743432,50.12158203125
1771450519.669868,50.22216796875
1771450519.7718818,50.32666015625
1771450519.873615,50.42724609375
1771450519.9761913,50.528564453125
1771450520.0726254,50.62353515625
1771450520.1747255,50.7265625
1771450520.2767534,50.828125
1771450520.378625,50.92919921875
1771450520.4805708,51.0302734375
1771450520.5823615,51.132568359375
1771450520.684406,51.23486328125
1771450520.7866478,51.3369140625
1771450520.8885877,51.43701171875
1771450520.9842122,51.53173828125
1771450521.0871303,51.634765625
1771450521.1886861,51.736083984375
1771450521.2902548,51.8408203125
1771450521.3923752,51.941162109375
1771450521.4942079,52.04296875
1771450521.5966167,52.14453125
1771450521.6985269,52.24609375
1771450521.8005538,52.34814453125
1771450521.9017954,52.4501953125
1771450521.9985294,52.54443359375
1771450522.1001863,52.6474609375
1771450522.2024891,52.75
1771450522.3049662,52.852783203125
1771450522.406524,52.953857421875
1771450522.5085983,53.05419921875
1771450522.6102135,53.15966796875
1771450522.7128148,53.261962890625
1771450522.8085501,53.36181640625
1771450522.9106483,53.463623046875
1771450523.013226,53.56689453125
1771450523.114399,53.668212890625
1771450523.2165935,53.77099609375
1771450523.3124602,53.86669921875
1771450523.4143772,53.970458984375
1771450523.5166194,54.073486328125
1771450523.61774,54.177001953125
1771450523.7200348,54.281982421875
1771450523.8226428,54.384521484375
1771450523.9253533,54.485107421875
1771450524.0266187,54.587158203125
1771450524.1285741,54.689208984375
1771450524.2245908,54.78515625
1771450524.326577,54.887939453125
1771450524.4282796,54.9873046875
1771450524.5302644,55.0908203125
1771450524.6324089,55.19140625
1771450524.7338102,55.294677734375
1771450524.8366895,55.39404296875
1771450524.9322405,55.488525390625
1771450525.0346172,55.58984375
1771450525.1364768,55.695068359375
1771450525.238124,55.797607421875
1771450525.3407402,55.8994140625
1771450525.4422832,55.99951171875
1771450525.5387042,56.09375
1771450525.640627,56.197265625
1771450525.7424395,56.299072265625
1771450525.8446858,56.401611328125
1771450525.9463387,56.501953125
1771450526.0483394,56.603271484375
1771450526.1445918,56.699951171875
1771450526.2462711,56.80322265625
1771450526.3483105,56.903564453125
1771450526.4502127,57.005615234375
1771450526.5517242,57.108154296875
1771450526.6553888,57.214111328125
1771450526.750303,57.312255859375
1771450526.8523026,57.4169921875
1771450526.9542882,57.5185546875
1771450527.056374,57.6220703125
1771450527.1583107,57.72265625
1771450527.260713,57.824462890625
1771450527.3624814,57.92822265625
1771450527.4644277,58.0263671875
1771450527.5603707,58.130615234375
1771450527.6632311,58.234375
1771450527.7641776,58.338623046875
1771450527.8664706,58.439697265625
1771450527.9682992,58.540771484375
1771450528.07055,58.642333984375
1771450528.166587,58.739990234375
1771450528.2687762,58.841064453125
1771450528.3703828,58.943115234375
1771450528.4724195,59.04345703125
1771450528.574282,59.14697265625
1771450528.6764765,59.24267578125
1771450528.777485,59.34423828125
1771450528.8745458,59.442626953125
1771450528.9765942,59.5439453125
1771450529.078681,59.646728515625
1771450529.1802633,59.749267578125
1771450529.2832396,59.853515625
1771450529.3844914,59.953369140625
1771450529.4802263,60.0478515625
1771450529.582807,60.148193359375
1771450529.6843038,60.25048828125
1771450529.7866383,60.351318359375
1771450529.8886764,60.451171875
1771450529.9896586,60.552490234375
1771450530.0862575,60.650146484375
1771450530.1883938,60.75146484375
1771450530.290618,60.85302734375
1771450530.392198,60.95458984375
1771450530.4942307,61.056640625
1771450530.5965796,61.16015625
1771450530.693187,61.257568359375
1771450530.7946017,61.361572265625
1771450530.8966248,61.46337890625
1771450530.9985397,61.5654296875
1771450531.099758,61.66650390625
1771450531.2026215,61.76953125
1771450531.304268,61.871826171875
1771450531.4065897,61.972412109375
1771450531.5021482,62.07177734375
1771450531.604495,62.176513671875
1771450531.7066166,62.279052734375
1771450531.8086886,62.3828125
1771450531.910923,62.48095703125
1771450532.0126178,62.58203125
1771450532.1087031,62.680419921875
1771450532.2103117,62.78173828125
1771450532.3113885,62.88525390625
1771450532.415007,62.985595703125
1771450532.5161257,63.088623046875
1771450532.618333,63.190673828125
1771450532.714581,63.28662109375
1771450532.8171353,63.3876953125
1771450532.918728,63.48974609375
1771450533.0202928,63.5908203125
1771450533.1225948,63.694580078125
1771450533.2246425,63.79638671875
1771450533.326499,63.89990234375
1771450533.4287655,63.99462890625
1771450533.5244703,64.0966796875
1771450533.6267066,64.198974609375
1771450533.7282567,64.30224609375
1771450533.8299932,64.40283203125
1771450533.9321234,64.503173828125
1771450534.0286312,64.59912109375
1771450534.1308901,64.700927734375
1771450534.231657,64.804443359375
1771450534.3340693,64.90576171875
1771450534.436525,65.007568359375
1771450534.5382972,65.1103515625
1771450534.6404238,65.212890625
1771450534.742184,65.315673828125
1771450534.8379405,65.4140625
1771450534.9403403,65.513916015625
1771450535.0423174,65.616943359375
1771450535.144763,65.718505859375
1771450535.2467988,65.8203125
1771450535.343256,65.91796875
1771450535.4439821,66.01953125
1771450535.5465891,66.1220703125
1771450535.6484811,66.225341796875
1771450535.7504983,66.32666015625
1771450535.8527315,66.427001953125
1771450535.9544735,66.529296875
1771450536.0500252,66.6240234375
1771450536.1531963,66.72705078125
1771450536.254571,66.82861328125
1771450536.356115,66.930908203125
1771450536.4587128,67.03173828125
1771450536.5605824,67.12890625
1771450536.657071,67.22998046875
1771450536.7585683,67.3330078125
1771450536.8604848,67.43310546875
1771450536.96245,67.5341796875
1771450537.064745,67.6376953125
1771450537.16668,67.739990234375
1771450537.2684915,67.8427734375
1771450537.3645859,67.93798828125
1771450537.466393,68.040283203125
1771450537.568611,68.143310546875
1771450537.6707568,68.24560546875
1771450537.7726116,68.347900390625
1771450537.8746817,68.45068359375
1771450537.9770997,68.551025390625
1771450538.0732458,68.647705078125
1771450538.1745007,68.7490234375
1771450538.2758071,68.852294921875
1771450538.379017,68.953125
1771450538.4801419,69.05419921875
1771450538.5829778,69.158203125
1771450538.6841002,69.260986328125
1771450538.7810175,69.35791015625
1771450538.8821917,69.458251953125
1771450538.9845905,69.56103515625
1771450539.0866747,69.663330078125
1771450539.1888363,69.763427734375
1771450539.2846906,69.862060546875
1771450539.3859308,69.964111328125
1771450539.4886236,70.0654296875
1771450539.5905619,70.16748046875
1771450539.6926506,70.268798828125
1771450539.7950115,70.37158203125
1771450539.8905036,70.46484375
1771450539.9932506,70.566162109375
1771450540.0947187,70.66845703125
1771450540.1973283,70.771484375
1771450540.2982287,70.87353515625
1771450540.4003425,70.970458984375
1771450540.501617,71.07666015625
1771450540.5984383,71.17333984375
1771450540.700461,71.275390625
1771450540.802311,71.376953125
1771450540.904659,71.47998046875
1771450541.0062108,71.579345703125
1771450541.102446,71.6767578125
1771450541.1981766,71.7734375
1771450541.3062737,71.8828125
1771450541.4084616,71.983154296875
1771450541.509928,72.0849609375
1771450541.6126359,72.18798828125
1771450541.708454,72.2802734375
1771450541.8100774,72.38720703125
1771450541.9117045,72.486328125
1771450542.0148761,72.58935546875
1771450542.1164272,72.69140625
1771450542.219209,72.7939453125
1771450542.320704,72.896728515625
1771450542.41662,72.991455078125
1771450542.5186217,73.092529296875
1771450542.6205068,73.196044921875
1771450542.722235,73.296630859375
1771450542.8243117,73.3994140625
1771450542.9264076,73.499267578125
1771450543.0232506,73.595458984375
1771450543.1245763,73.697509765625
1771450543.2205026,73.79638671875
1771450543.3283784,73.9033203125
1771450543.4305952,74.002685546875
1771450543.5323477,74.10107421875
1771450543.6343868,74.206787109375
1771450543.730471,74.30078125
1771450543.8324368,74.40478515625
1771450543.9347641,74.506591796875
1771450544.0367384,74.6083984375
1771450544.1387842,74.71044921875
1771450544.234383,74.806884765625
1771450544.336484,74.910400390625
1771450544.4386444,75.0107421875
1771450544.5407596,75.114501953125
1771450544.6424174,75.21630859375
1771450544.738623,75.314697265625
1771450544.8464053,75.418701171875
1771450544.9426427,75.517333984375
1771450545.0443447,75.619873046875
1771450545.1466885,75.723388671875
1771450545.2484334,75.82177734375
1771450545.344668,75.921142578125
1771450545.4464774,76.02294921875
1771450545.5477247,76.12646484375
1771450545.6504462,76.229736328125
1771450545.7521093,76.329345703125
1771450545.8545952,76.43310546875
1771450545.9565785,76.529296875
1771450546.0583515,76.6298828125
1771450546.1538596,76.7314453125
1771450546.2566,76.8330078125
1771450546.3585165,76.935546875
1771450546.461257,77.037109375
1771450546.5626235,77.137939453125
1771450546.664291,77.239501953125
1771450546.7604775,77.334228515625
1771450546.8623488,77.433837890625
1771450546.9641163,77.534912109375
1771450547.0666134,77.638427734375
1771450547.1684625,77.739013671875
1771450547.2642245,77.83837890625
1771450547.3664935,77.940185546875
1771450547.468309,78.040283203125
1771450547.5702565,78.14208984375
1771450547.672421,78.24267578125
1771450547.7746756,78.343017578125
1771450547.8706925,78.440185546875
1771450547.9727056,78.54052734375
1771450548.0746026,78.642822265625
1771450548.176494,78.7470703125
1771450548.2784781,78.8486328125
1771450548.3807857,78.947509765625
1771450548.4762862,79.044677734375
1771450548.5783012,79.148681640625
1771450548.6801507,79.252685546875
1771450548.7824733,79.35595703125
1771450548.8846133,79.45947265625
1771450548.9869397,79.560791015625
1771450549.0882354,79.664306640625
1771450549.1906497,79.761962890625
1771450549.2870908,79.86279296875
1771450549.3887415,79.964111328125
1771450549.4905887,80.067626953125
1771450549.5926528,80.170166015625
1771450549.6944416,80.274169921875
1771450549.7966866,80.376220703125
1771450549.8923962,80.470458984375
1771450549.9945724,80.571533203125
1771450550.0966718,80.67431640625
1771450550.1983871,80.777099609375
1771450550.3005157,80.879638671875
1771450550.4024565,80.9794921875
1771450550.5040047,81.080810546875
1771450550.6066072,81.184326171875
1771450550.7084095,81.280517578125
1771450550.8048525,81.381103515625
1771450550.9066765,81.480712890625
1771450551.0085027,81.583984375
1771450551.110641,81.6865234375
1771450551.2125995,81.7890625
1771450551.314497,81.888671875
1771450551.4106243,81.987060546875
1771450551.5132678,82.087646484375
1771450551.6144714,82.189697265625
1771450551.7165923,82.292236328125
1771450551.8184536,82.392333984375
1771450551.9204535,82.49365234375
1771450552.0220346,82.5947265625
1771450552.1186068,82.692626953125
1771450552.2208035,82.795654296875
1771450552.3226552,82.89697265625
1771450552.4240093,82.9970703125
1771450552.5257976,83.09716796875
1771450552.6226737,83.195068359375
1771450552.7245765,83.298828125
1771450552.8263113,83.399658203125
1771450552.9285765,83.501220703125
1771450553.0301492,83.60302734375
1771450553.1319406,83.705810546875
1771450553.2283106,83.8037109375
1771450553.3303351,83.90673828125
1771450553.4323592,84.00634765625
1771450553.534578,84.1083984375
1771450553.6365798,84.2119140625
1771450553.7384815,84.314208984375
1771450553.8343718,84.409423828125
1771450553.9361863,84.509521484375
1771450554.0386598,84.6123046875
1771450554.140647,84.715087890625
1771450554.24271,84.81884765625
1771450554.3385093,84.912841796875
1771450554.440798,85.014404296875
1771450554.5419254,85.1162109375
1771450554.6445448,85.21923828125
1771450554.7464166,85.320556640625
1771450554.8483257,85.4228515625
1771450554.9445758,85.516845703125
1771450555.0467494,85.619873046875
1771450555.1484132,85.722412109375
1771450555.2504141,85.826416015625
1771450555.352195,85.9267578125
1771450555.4548385,86.023193359375
1771450555.5506804,86.123291015625
1771450555.653278,86.226318359375
1771450555.7545764,86.328125
1771450555.856684,86.427978515625
1771450555.9584239,86.52978515625
1771450556.0606036,86.63134765625
1771450556.1619987,86.73193359375
1771450556.264445,86.832275390625
1771450556.366393,86.937744140625
1771450556.4622169,87.032958984375
1771450556.564375,87.135498046875
1771450556.6667218,87.239990234375
1771450556.768519,87.343994140625
1771450556.8703017,87.4443359375
1771450556.966409,87.5400390625
1771450557.0691466,87.642822265625
1771450557.1705995,87.74560546875
1771450557.2726395,87.848388671875
1771450557.3745766,87.94873046875
1771450557.4766576,88.05224609375
1771450557.5732741,88.149658203125
1771450557.6745806,88.252685546875
1771450557.7767203,88.35400390625
1771450557.878541,88.453125
1771450557.9805558,88.5537109375
1771450558.0825486,88.6572265625
1771450558.1844661,88.7587890625
1771450558.2865033,88.859375
1771450558.3832865,88.955810546875
1771450558.4846148,89.056884765625
1771450558.586596,89.15966796875
1771450558.688422,89.262939453125
1771450558.7905834,89.36474609375
1771450558.8923633,89.465576171875
1771450558.9944282,89.56689453125
1771450559.0966108,89.666259765625
1771450559.192147,89.76806640625
1771450559.2939417,89.868896484375
1771450559.3961754,89.970947265625
1771450559.4983723,90.071533203125
1771450559.60043,90.17578125
1771450559.7015002,90.272705078125
1771450559.7984898,90.3740234375
1771450559.9012568,90.4736328125
1771450560.0024061,90.5771484375
1771450560.104626,90.677978515625
1771450560.2065735,90.78076171875
1771450560.303279,90.87744140625
1771450560.4046648,90.97705078125
1771450560.5066438,91.079833984375
1771450560.6086056,91.181640625
1771450560.710416,91.284423828125
1771450560.812292,91.385009765625
1771450560.9144933,91.484619140625
1771450561.0163548,91.58642578125
1771450561.1124647,91.685546875
1771450561.2144516,91.787841796875
1771450561.3166676,91.8896484375
1771450561.4183722,91.9892578125
1771450561.520479,92.091796875
1771450561.6222932,92.193115234375
1771450561.7247982,92.294189453125
1771450561.826422,92.396240234375
1771450561.9232776,92.490478515625
1771450562.024519,92.59130859375
1771450562.126455,92.693359375
1771450562.2289128,92.7978515625
1771450562.3304024,92.8984375
1771450562.4325829,92.99365234375
1771450562.5274837,93.093994140625
1771450562.6308265,93.197998046875
1771450562.7326794,93.300048828125
1771450562.8343356,93.4013671875
1771450562.9366028,93.501708984375
1771450563.038017,93.60498046875
1771450563.134633,93.701416015625
1771450563.2365942,93.805419921875
1771450563.3385642,93.906982421875
1771450563.4405286,94.0087890625
1771450563.5421734,94.10986328125
1771450563.6443806,94.211181640625
1771450563.7464306,94.314208984375
1771450563.8480103,94.410400390625
1771450563.9443572,94.5068359375
1771450564.0463307,94.607666015625
1771450564.1482038,94.712158203125
1771450564.2517467,94.814208984375
1771450564.3526218,94.91552734375
1771450564.4544673,95.0146484375
1771450564.5562801,95.11767578125
1771450564.6524434,95.21484375
1771450564.7543917,95.3173828125
1771450564.856206,95.418212890625
1771450564.9582183,95.519287109375
1771450565.0601668,95.62158203125
1771450565.1625862,95.720458984375
1771450565.258225,95.822021484375
1771450565.3604386,95.923828125
1771450565.4633,96.02490234375
1771450565.5646186,96.12841796875
1771450565.666502,96.231201171875
1771450565.7684736,96.33251953125
1771450565.8644912,96.428466796875
1771450565.9664586,96.52783203125
1771450566.0685976,96.631591796875
1771450566.1707122,96.7333984375
1771450566.2719095,96.837158203125
1771450566.3744736,96.937255859375
1771450566.476298,97.038330078125
1771450566.5725732,97.135009765625
1771450566.67463,97.23974609375
1771450566.7757385,97.340576171875
1771450566.8783402,97.441162109375
1771450566.98022,97.54296875
1771450567.08261,97.646240234375
1771450567.1783967,97.7431640625
1771450567.2796965,97.845703125
1771450567.3825576,97.947265625
1771450567.4842994,98.048828125
1771450567.5863876,98.151611328125
1771450567.6885726,98.25439453125
1771450567.7844467,98.351318359375
1771450567.886592,98.449951171875
1771450567.9884975,98.5517578125
1771450568.0906613,98.654296875
1771450568.192814,98.755615234375
1771450568.2886953,98.853515625
1771450568.3916318,98.954345703125
1771450568.4925616,99.05517578125
1771450568.5943866,99.158935546875
1771450568.6965742,99.259765625
1771450568.7984295,99.360107421875
1771450568.9002979,99.460205078125
1771450569.0022976,99.556640625
1771450569.098289,99.6591796875
1771450569.2002232,99.7626953125
1771450569.3022206,99.865966796875
1771450569.4047024,99.965087890625
1771450569.506454,100.063720703125
1771450569.6025949,100.1611328125
1771450569.7044504,100.264404296875
1771450569.806559,100.3642578125
1771450569.9082887,100.46484375
1771450570.0106049,100.565673828125
1771450570.106687,100.66162109375
1771450570.2085798,100.765625
1771450570.310651,100.866943359375
1771450570.4125383,100.9677734375
1771450570.5143297,101.0703125
1771450570.616564,101.173095703125
1771450570.718163,101.275146484375
1771450570.8204837,101.378662109375
1771450570.9165986,101.471923828125
1771450571.0185075,101.574951171875
1771450571.120491,101.677001953125
1771450571.2225962,101.78125
1771450571.3244364,101.88232421875
1771450571.4266777,101.982666015625
1771450571.527643,102.0859375
1771450571.6247241,102.1845703125
1771450571.726295,102.286376953125
1771450571.828634,102.3876953125
1771450571.9305267,102.48828125
1771450572.0324643,102.59033203125
1771450572.135085,102.690673828125
1771450572.2362719,102.794921875
1771450572.3319337,102.891357421875
1771450572.4351325,102.9921875
1771450572.5366416,103.09423828125
1771450572.6382425,103.19677734375
1771450572.7404397,103.301025390625
1771450572.8422716,103.401123046875
1771450572.9445224,103.4970703125
1771450573.0402865,103.597412109375
1771450573.1422153,103.7021484375
1771450573.244561,103.804931640625
1771450573.34658,103.905517578125
1771450573.4485977,104.006591796875
1771450573.5441964,104.103515625
1771450573.6467645,104.204833984375
1771450573.7482498,104.305908203125
1771450573.8505647,104.40771484375
1771450573.9518328,104.507568359375
1771450574.054585,104.6103515625
1771450574.1564615,104.71142578125
1771450574.2584758,104.815185546875
1771450574.359864,104.913330078125
1771450574.4617865,105.017333984375
1771450574.5586052,105.112548828125
1771450574.6601682,105.21728515625
1771450574.7628646,105.319580078125
1771450574.8643117,105.4228515625
1771450574.9665797,105.522705078125
1771450575.06799,105.624755859375
1771450575.1706305,105.727783203125
1771450575.2664075,105.82373046875
1771450575.3685942,105.9267578125
1771450575.4704604,106.028076171875
1771450575.5724425,106.132568359375
1771450575.6745424,106.236083984375
1771450575.7759755,106.338623046875
1771450575.8786216,106.434814453125
1771450575.9747264,106.5341796875
1771450576.076202,106.635009765625
1771450576.1785316,106.73828125
1771450576.280565,106.840087890625
1771450576.3820527,106.941650390625
1771450576.4846265,107.0419921875
1771450576.5804548,107.138671875
1771450576.6818845,107.2412109375
1771450576.7845728,107.343505859375
1771450576.8864686,107.44287109375
1771450576.9886813,107.54248046875
1771450577.0901034,107.646728515625
1771450577.186589,107.744384765625
1771450577.2893312,107.84619140625
1771450577.3905668,107.94580078125
1771450577.491885,108.04736328125
1771450577.5945723,108.14892578125
1771450577.6960917,108.251220703125
1771450577.798562,108.3515625
1771450577.894227,108.447021484375
1771450577.9966075,108.54736328125
1771450578.0988953,108.6494140625
1771450578.2002227,108.751953125
1771450578.3024652,108.854736328125
1771450578.404574,108.955078125
1771450578.5011792,109.0498046875
1771450578.6032896,109.154052734375
1771450578.7038095,109.257568359375
1771450578.8064678,109.35986328125
1771450578.9085164,109.45947265625
1771450579.010166,109.5625
1771450579.112611,109.664306640625
1771450579.2086873,109.76220703125
1771450579.310262,109.864013671875
1771450579.4119709,109.966064453125
1771450579.5135908,110.06689453125
1771450579.6163182,110.168212890625
1771450579.7118082,110.26318359375
1771450579.813874,110.3662109375
1771450579.9156454,110.46533203125
1771450580.0182686,110.566162109375
1771450580.1199603,110.669921875
1771450580.2163808,110.767822265625
1771450580.318585,110.86865234375
1771450580.420706,110.968505859375
1771450580.5225058,111.071533203125
1771450580.6246505,111.173828125
1771450580.7262075,111.276611328125
1771450580.8282588,111.37353515625
1771450580.9244716,111.472412109375
1771450581.0204535,111.567138671875
1771450581.1287465,111.677734375
1771450581.230958,111.78125
1771450581.3323648,111.884521484375
1771450581.4345975,111.98388671875
1771450581.530421,112.07568359375
1771450581.6323845,112.183349609375
1771450581.7354012,112.28759765625
1771450581.8364546,112.388916015625
1771450581.9386623,112.488037109375
1771450582.0415297,112.58935546875
1771450582.1423006,112.693359375
1771450582.2382095,112.79052734375
1771450582.3405132,112.890869140625
1771450582.442556,112.993408203125
1771450582.5452666,113.094970703125
1771450582.646709,113.19970703125
1771450582.7481055,113.30078125
1771450582.8438528,113.39794921875
1771450582.94668,113.497802734375
1771450583.0433066,113.5947265625
1771450583.150724,113.702392578125
1771450583.2533066,113.8056640625
1771450583.354379,113.906982421875
1771450583.456509,114.0087890625
1771450583.559592,114.1103515625
1771450583.6596234,114.21240234375
1771450583.7624533,114.3125
1771450583.8585258,114.409423828125
1771450583.960547,114.5107421875
1771450584.0625658,114.61181640625
1771450584.1652372,114.716064453125
1771450584.2666073,114.818115234375
1771450584.3685994,114.919189453125
1771450584.4644601,115.013671875
1771450584.560447,115.1103515625
1771450584.668679,115.218994140625
1771450584.7710092,115.322265625
1771450584.8716729,115.423828125
1771450584.974723,115.52587890625
1771450585.0773916,115.6279296875
1771450585.1784608,115.7294921875
1771450585.2746463,115.8271484375
1771450585.3768613,115.9287109375
1771450585.4785337,116.0302734375
1771450585.5805864,116.13232421875
1771450585.682691,116.2373046875
1771450585.7846603,116.338623046875
1771450585.8865736,116.440185546875
1771450585.9880192,116.5390625
1771450586.0842686,116.63671875
1771450586.1865425,116.738525390625
1771450586.288718,116.84033203125
1771450586.390744,116.941162109375
1771450586.4928796,117.0419921875
1771450586.583264,117.13232421875
1771450586.6906025,117.240966796875
1771450586.7925756,117.34326171875
1771450586.8943527,117.443359375
1771450586.9965742,117.538818359375
1771450587.0984893,117.64599609375
1771450587.194262,117.7451171875
1771450587.296763,117.8466796875
1771450587.3984241,117.947509765625
1771450587.5005584,118.0478515625
1771450587.603262,118.151611328125
1771450587.7043946,118.2529296875
1771450587.7996411,118.3486328125
1771450587.9021742,118.448486328125
1771450588.0042427,118.550537109375
1771450588.1066942,118.65185546875
1771450588.2086198,118.75634765625
1771450588.3105466,118.853759765625
1771450588.4126163,118.95556640625
1771450588.508734,119.05322265625
1771450588.6104188,119.1513671875
1771450588.7129004,119.25927734375
1771450588.8144467,119.3603515625
1771450588.9164958,119.4609375
1771450589.0183105,119.5625
1771450589.1203787,119.6572265625
1771450589.2165673,119.762451171875
1771450589.319199,119.865478515625
1771450589.4205005,119.96484375
1771450589.5225866,120.06689453125
1771450589.624576,120.16845703125
1771450589.7265654,120.2724609375
1771450589.8225927,120.366943359375
1771450589.9246497,120.46728515625
1771450590.0264244,120.568359375
1771450590.1226623,120.6640625
1771450590.2311783,120.77197265625
1771450590.3328483,120.875
1771450590.4344954,120.9716796875
1771450590.5305738,121.0712890625
1771450590.6324325,121.169189453125
1771450590.7345042,121.2763671875
1771450590.8370602,121.37890625
1771450590.9378107,121.478515625
1771450591.034435,121.57568359375
1771450591.1364846,121.675048828125
1771450591.2383883,121.782958984375
1771450591.340437,121.8828125
1771450591.4419045,121.9833984375
1771450591.5442054,122.0859375
1771450591.6464097,122.18994140625
1771450591.7484744,122.286376953125
1771450591.8442512,122.386962890625
1771450591.9465773,122.4873046875
1771450592.0485682,122.58935546875
1771450592.1442685,122.686279296875
1771450592.252513,122.7939453125
1771450592.3545573,122.896728515625
1771450592.4566934,122.99658203125
1771450592.5590541,123.096923828125
1771450592.660336,123.193359375
1771450592.7566614,123.302001953125
1771450592.858334,123.403076171875
1771450592.9603446,123.50341796875
1771450593.0625408,123.606201171875
1771450593.1644938,123.708984375
1771450593.2664897,123.81201171875
1771450593.3687785,123.91455078125
1771450593.4699082,124.014892578125
1771450593.5720417,124.1171875
1771450593.6622362,124.20947265625
1771450593.770688,124.31689453125
1771450593.8732688,124.419189453125
1771450593.9743237,124.51904296875
1771450594.0758793,124.62255859375
1771450594.178696,124.724609375
1771450594.280822,124.8271484375
1771450594.3816051,124.927734375
1771450594.4835474,125.029296875
1771450594.5806391,125.125
1771450594.6824307,125.22802734375
1771450594.7844946,125.329833984375
1771450594.8874488,125.4306640625
1771450594.9876595,125.531494140625
1771450595.0842211,125.627685546875
1771450595.1866524,125.7314453125
1771450595.2884965,125.833984375
1771450595.3902204,125.934814453125
1771450595.4922225,126.03515625
1771450595.5934854,126.133544921875
1771450595.6845684,126.22900390625
1771450595.792203,126.338623046875
1771450595.8944378,126.438232421875
1771450595.996359,126.540283203125
1771450596.099374,126.6416015625
1771450596.200309,126.744140625
1771450596.2969623,126.841064453125
1771450596.3985054,126.94287109375
1771450596.5004215,127.04345703125
1771450596.602596,127.145751953125
1771450596.7046735,127.25
1771450596.8065765,127.3515625
1771450596.9083467,127.4521484375
1771450597.0105257,127.552490234375
1771450597.1125765,127.65673828125
1771450597.2079437,127.75390625
1771450597.3099914,127.856201171875
1771450597.4125779,127.9560546875
1771450597.5144558,128.058349609375
1771450597.6167593,128.159912109375
1771450597.7125504,128.251953125
1771450597.8145702,128.358154296875
1771450597.9165733,128.45849609375
1771450598.019104,128.55908203125
1771450598.1205945,128.6611328125
1771450598.222638,128.765380859375
1771450598.3244612,128.862548828125
1771450598.42008,128.96142578125
1771450598.5225348,129.06201171875
1771450598.6243043,129.166015625
1771450598.7262077,129.26806640625
1771450598.8282444,129.370849609375
1771450598.9304006,129.4697265625
1771450599.026374,129.567138671875
1771450599.1286674,129.669189453125
1771450599.2242296,129.767578125
1771450599.3322687,129.874267578125
1771450599.4345376,129.97607421875
1771450599.536575,130.077880859375
1771450599.6383426,130.181884765625
1771450599.734653,130.2734375
1771450599.836558,130.379150390625
1771450599.9378765,130.47900390625
1771450600.0402803,130.581787109375
1771450600.142436,130.6845703125
1771450600.2446547,130.786376953125
1771450600.3465512,130.888671875
1771450600.4484582,130.988037109375
1771450600.5442798,131.0849609375
1771450600.646432,131.187744140625
1771450600.7482233,131.29248046875
1771450600.849969,131.392822265625
1771450600.952619,131.492431640625
1771450601.0545704,131.594482421875
1771450601.1558437,131.698974609375
1771450601.2465158,131.7900390625
1771450601.3539276,131.897705078125
1771450601.456514,131.998291015625
1771450601.5585535,132.10107421875
1771450601.6603847,132.203369140625
1771450601.76282,132.304931640625
1771450601.8649192,132.4072265625
1771450601.9606717,132.501708984375
1771450602.0633245,132.603271484375
1771450602.1639533,132.705078125
1771450602.2665083,132.8095703125
1771450602.368682,132.90869140625
1771450602.470602,133.0107421875
1771450602.5665565,133.10546875
1771450602.668001,133.210693359375
1771450602.7645237,133.305908203125
1771450602.8723736,133.41259765625
1771450602.9743948,133.51416015625
1771450603.0769398,133.615234375
1771450603.1725764,133.714111328125
1771450603.2746904,133.813232421875
1771450603.3764405,133.918701171875
1771450603.478532,134.01953125
1771450603.580594,134.1220703125
1771450603.6826746,134.22314453125
1771450603.7784424,134.318359375
1771450603.8807383,134.42138671875
1771450603.9821706,134.52099609375
1771450604.0842905,134.622314453125
1771450604.1865485,134.726318359375
1771450604.2893472,134.828125
1771450604.390539,134.92529296875
1771450604.4865127,135.02392578125
1771450604.5883996,135.126953125
1771450604.6902642,135.228515625
1771450604.7865474,135.324462890625
1771450604.8944502,135.43017578125
1771450604.9965117,135.530517578125
1771450605.0987496,135.6279296875
1771450605.1946373,135.730224609375
1771450605.295874,135.82861328125
1771450605.3985622,135.933837890625
1771450605.5003817,136.03564453125
1771450605.6031554,136.13720703125
1771450605.7045689,136.2412109375
1771450605.8054848,136.33544921875
1771450605.9022396,136.436767578125
1771450606.0043209,136.53759765625
1771450606.1065679,136.640380859375
1771450606.2082198,136.7431640625
1771450606.310555,136.846435546875
1771450606.411875,136.94580078125
1771450606.5082757,137.041259765625
1771450606.6107259,137.1435546875
1771450606.7124755,137.24560546875
1771450606.8142543,137.344482421875
1771450606.9166028,137.449462890625
1771450607.0186625,137.545654296875
1771450607.1203876,137.64892578125
1771450607.21653,137.751953125
1771450607.3184254,137.849609375
1771450607.4206684,137.955322265625
1771450607.522548,138.0556640625
1771450607.6237226,138.158203125
1771450607.7268934,138.2607421875
1771450607.8225346,138.354736328125
1771450607.9240673,138.4560546875
1771450608.0264485,138.557373046875
1771450608.1284251,138.6611328125
1771450608.2298994,138.7646484375
1771450608.3261747,138.860107421875
1771450608.4345922,138.96484375
1771450608.5302026,139.061279296875
1771450608.632474,139.1630859375
1771450608.7344944,139.26806640625
1771450608.8365717,139.365234375
1771450608.938606,139.4697265625
1771450609.0405555,139.567138671875
1771450609.1363637,139.66845703125
1771450609.2386518,139.771484375
1771450609.3405375,139.871826171875
1771450609.4424791,139.974609375
1771450609.544545,140.07568359375
1771450609.6463907,140.17919921875
1771450609.7485404,140.281494140625
1771450609.8495657,140.37841796875
1771450609.946511,140.478271484375
1771450610.048624,140.580810546875
1771450610.1506786,140.683349609375
1771450610.2525818,140.78564453125
1771450610.3482122,140.880859375
1771450610.4561589,140.9892578125
1771450610.5581005,141.087646484375
1771450610.6546168,141.18896484375
1771450610.756961,141.291259765625
1771450610.858354,141.388671875
1771450610.9604192,141.493896484375
1771450611.0625486,141.595703125
1771450611.1640792,141.699951171875
1771450611.2666605,141.802734375
1771450611.362375,141.896728515625
1771450611.4645493,141.998046875
1771450611.56659,142.102783203125
1771450611.6685448,142.205810546875
1771450611.7703686,142.309814453125
1771450611.8666146,142.40380859375
1771450611.9745717,142.505126953125
1771450612.0707228,142.606201171875
1771450612.1733062,142.7099609375
1771450612.273861,142.81201171875
1771450612.3763735,142.90869140625
1771450612.4783547,143.013671875
1771450612.5803611,143.117431640625
1771450612.6826825,143.21337890625
1771450612.7786524,143.3154296875
1771450612.8807998,143.41259765625
1771450612.9833424,143.517333984375
1771450613.0845633,143.618896484375
1771450613.186569,143.721435546875
1771450613.2882724,143.8251953125
1771450613.3907266,143.926025390625
1771450613.4925404,144.02734375
1771450613.5945723,144.128173828125
1771450613.6907296,144.22607421875
1771450613.79233,144.327392578125
1771450613.8885179,144.422119140625
1771450613.9965723,144.527099609375
1771450614.0985358,144.630859375
1771450614.201178,144.733154296875
1771450614.302684,144.837158203125
1771450614.3984218,144.9267578125
1771450614.500728,145.031494140625
1771450614.6025412,145.133544921875
1771450614.7045598,145.236328125
1771450614.8064406,145.340576171875
1771450614.9092991,145.44091796875
1771450615.0093822,145.53662109375
1771450615.1064277,145.637451171875
1771450615.2086818,145.74267578125
1771450615.3100083,145.845458984375
1771450615.4132984,145.947021484375
1771450615.5140054,146.046630859375
1771450615.6164744,146.150634765625
1771450615.7185931,146.2529296875
1771450615.8146594,146.348876953125
1771450615.916551,146.4453125
1771450616.0185423,146.551025390625
1771450616.120214,146.6533203125
1771450616.2228956,146.7578125
1771450616.324058,146.8583984375
1771450616.426649,146.958251953125
1771450616.5278597,147.0595703125
1771450616.624547,147.156982421875
1771450616.7268522,147.260986328125
1771450616.828227,147.362060546875
1771450616.9303076,147.46337890625
1771450617.0324204,147.56396484375
1771450617.1339672,147.6669921875
1771450617.2362077,147.770751953125
1771450617.3323965,147.8681640625
1771450617.4287212,147.960693359375
1771450617.5366044,148.069091796875
1771450617.6385598,148.171875
1771450617.7403448,148.276123046875
1771450617.8424032,148.3779296875
1771450617.9450998,148.4765625
1771450618.0465505,148.579345703125
1771450618.14753,148.677490234375
1771450618.2435303,148.7783203125
1771450618.346511,148.87890625
1771450618.448582,148.981201171875
1771450618.5508196,149.082275390625
1771450618.653189,149.1865234375
1771450618.7535675,149.287841796875
1771450618.8506246,149.384033203125
1771450618.9525964,149.4833984375
1771450619.0542455,149.585205078125
1771450619.1568158,149.689453125
1771450619.2585433,149.792724609375
1771450619.3603375,149.894287109375
1771450619.4505897,149.98291015625
1771450619.5590296,150.0908203125
1771450619.660228,150.19384765625
1771450619.7628639,150.29638671875
1771450619.8643515,150.395263671875
1771450619.9665327,150.49609375
1771450620.0686615,150.5966796875
1771450620.164654,150.695068359375
1771450620.2665472,150.7978515625
1771450620.3685756,150.900390625
1771450620.470566,150.999755859375
1771450620.5724614,151.102783203125
1771450620.6744666,151.20458984375
1771450620.7705946,151.3037109375
1771450620.8720994,151.4052734375
1771450620.9685497,151.50048828125
1771450621.076682,151.608642578125
1771450621.1787302,151.71044921875
1771450621.2805934,151.813720703125
1771450621.381967,151.916015625
1771450621.4855702,152.01708984375
1771450621.5864854,152.119140625
1771450621.6883607,152.22412109375
1771450621.7905416,152.322509765625
1771450621.8866534,152.420654296875
1771450621.988255,152.52001953125
1771450622.0904047,152.62451171875
1771450622.1920984,152.726806640625
1771450622.2947233,152.828125
1771450622.3965847,152.92822265625
1771450622.4923124,153.02392578125
1771450622.5945885,153.1259765625
1771450622.6963515,153.227783203125
1771450622.7985501,153.329345703125
1771450622.9007282,153.428955078125
1771450623.003505,153.529541015625
1771450623.1043136,153.630859375
1771450623.2066834,153.736083984375
1771450623.3084018,153.8349609375
1771450623.4043255,153.93408203125
1771450623.5074804,154.03271484375
1771450623.608459,154.135009765625
1771450623.7105079,154.236572265625
1771450623.8125744,154.339599609375
1771450623.9145133,154.43896484375
1771450624.0105355,154.534423828125
1771450624.1125255,154.63623046875
1771450624.214494,154.740478515625
1771450624.3165174,154.841064453125
1771450624.4183578,154.94091796875
1771450624.5206344,155.04296875
1771450624.6214957,155.140869140625
1771450624.718663,155.243896484375
1771450624.8209398,155.345947265625
1771450624.9223194,155.447265625
1771450625.0247345,155.54833984375
1771450625.1265862,155.6513671875
1771450625.228488,155.75390625
1771450625.324202,155.851806640625
1771450625.4266002,155.951171875
1771450625.5283704,156.053466796875
1771450625.6307511,156.156494140625
1771450625.7324111,156.26123046875
1771450625.8345342,156.36279296875
1771450625.9362674,156.4580078125
1771450626.0326476,156.557861328125
1771450626.134214,156.660888671875
1771450626.2365677,156.763427734375
1771450626.338322,156.864501953125
1771450626.4399838,156.966064453125
1771450626.542518,157.067138671875
1771450626.6383538,157.1650390625
1771450626.7396286,157.267578125
1771450626.8433654,157.370361328125
1771450626.944458,157.47021484375
1771450627.046563,157.572021484375
1771450627.1485603,157.67529296875
1771450627.2446325,157.774169921875
1771450627.34654,157.874267578125
1771450627.4486768,157.97412109375
1771450627.5507805,158.077392578125
1771450627.6525595,158.181640625
1771450627.7540805,158.28466796875
1771450627.856438,158.384765625
1771450627.9585752,158.4853515625
1771450628.0612202,158.58642578125
1771450628.1565561,158.68408203125
1771450628.2584343,158.787109375
1771450628.3601453,158.8896484375
1771450628.462569,158.98828125
1771450628.5653515,159.09130859375
1771450628.6666448,159.193115234375
1771450628.762589,159.292724609375
1771450628.864469,159.39404296875
1771450628.9663203,159.494140625
1771450629.0694938,159.596923828125
1771450629.1704292,159.700439453125
1771450629.2723687,159.7998046875
1771450629.368578,159.8984375
1771450629.470352,160.001220703125
1771450629.573317,160.103759765625
1771450629.6746671,160.2080078125
1771450629.7760236,160.309326171875
1771450629.877906,160.41162109375
1771450629.9805593,160.510986328125
1771450630.0826561,160.603271484375
1771450630.1777291,160.7109375
1771450630.2805386,160.81396484375
1771450630.3825867,160.913330078125
1771450630.4849093,161.015625
1771450630.5876274,161.117431640625
1771450630.6884272,161.220458984375
1771450630.7842762,161.31640625
1771450630.8866775,161.414794921875
1771450630.988026,161.51513671875
1771450631.0903327,161.617431640625
1771450631.1924026,161.721435546875
1771450631.294712,161.824951171875
1771450631.3902621,161.9208984375
1771450631.4926383,162.019287109375
1771450631.5946653,162.120849609375
1771450631.696514,162.221435546875
1771450631.7985845,162.324462890625
1771450631.9006665,162.424560546875
1771450631.9963734,162.51953125
1771450632.0924058,162.615478515625
1771450632.2005088,162.724365234375
1771450632.302655,162.826171875
1771450632.4040835,162.928466796875
1771450632.5061986,163.029052734375
1771450632.6091347,163.13134765625
1771450632.7106857,163.23583984375
1771450632.8130987,163.337158203125
1771450632.9081073,163.4345703125
1771450633.0104873,163.534912109375
1771450633.1132689,163.638916015625
1771450633.2146466,163.74169921875
1771450633.3162441,163.843505859375
1771450633.4187624,163.94189453125
1771450633.5145462,164.041259765625
1771450633.6165404,164.143310546875
1771450633.7185874,164.247314453125
1771450633.8206384,164.349853515625
1771450633.9224865,164.450439453125
1771450634.0246553,164.550048828125
1771450634.1264062,164.642333984375
1771450634.222366,164.74951171875
1771450634.3246415,164.8525390625
1771450634.426574,164.953125
1771450634.5285509,165.052978515625
1771450634.6334062,165.144287109375
1771450634.7323859,165.25830078125
1771450634.8349974,165.360107421875
1771450634.93631,165.460205078125
1771450635.0322566,165.556396484375
1771450635.1346643,165.6591796875
1771450635.23623,165.763427734375
1771450635.3388338,165.86376953125
1771450635.4405727,165.96484375
1771450635.5424092,166.06640625
1771450635.644509,166.165283203125
1771450635.7404168,166.2666015625
1771450635.84282,166.367919921875
1771450635.9446993,166.468017578125
1771450636.0464256,166.569580078125
1771450636.1478693,166.673095703125
1771450636.2445505,166.77099609375
1771450636.3467035,166.872802734375
1771450636.4487054,166.970947265625
1771450636.5507636,167.073486328125
1771450636.6523004,167.17578125
1771450636.7549033,167.275390625
1771450636.8505807,167.376220703125
1771450636.9526474,167.4775390625
1771450637.0544362,167.577392578125
1771450637.1564405,167.681640625
1771450637.258008,167.783935546875
1771450637.3604243,167.885986328125
1771450637.4625392,167.983154296875
1771450637.5584002,168.08251953125
1771450637.6546314,168.179931640625
1771450637.7630193,168.287841796875
1771450637.8646288,168.3896484375
1771450637.9662838,168.48974609375
1771450638.0625408,168.586181640625
1771450638.1646712,168.6845703125
1771450638.266193,168.791748046875
1771450638.3689578,168.891845703125
1771450638.4705014,168.9931640625
1771450638.5730152,169.095947265625
1771450638.6740015,169.201416015625
1771450638.770533,169.296630859375
1771450638.8725607,169.39892578125
1771450638.9737575,169.4990234375
1771450639.0765734,169.602294921875
1771450639.172492,169.69970703125
1771450639.2745438,169.8037109375
1771450639.3817134,169.9111328125
1771450639.4782777,170.004150390625
1771450639.5800056,170.108154296875
1771450639.6817763,170.20751953125
1771450639.7838075,170.316162109375
1771450639.8860962,170.4169921875
1771450639.981888,170.51171875
1771450640.0844426,170.612060546875
1771450640.1865478,170.71240234375
1771450640.287981,170.817138671875
1771450640.3905437,170.919189453125
1771450640.4924579,171.01611328125
1771450640.5944023,171.11767578125
1771450640.690549,171.2177734375
1771450640.792561,171.3203125
1771450640.894615,171.4208984375
1771450640.9966211,171.5224609375
1771450641.0985923,171.625244140625
1771450641.1942205,171.72216796875
1771450641.2961721,171.82568359375
1771450641.3982203,171.924072265625
1771450641.500678,172.0263671875
1771450641.6021729,172.128662109375
1771450641.7045279,172.22802734375
1771450641.8065434,172.335205078125
1771450641.9080575,172.4345703125
1771450642.0111988,172.534912109375
1771450642.106482,172.632568359375
1771450642.2085335,172.732177734375
1771450642.3105757,172.83740234375
1771450642.4122918,172.938720703125
1771450642.5145535,173.039306640625
1771450642.6162667,173.142333984375
1771450642.7185745,173.23974609375
1771450642.8205664,173.3486328125
1771450642.916564,173.44677734375
1771450643.0182047,173.54833984375
1771450643.120483,173.650390625
1771450643.2221608,173.74853515625
1771450643.3239226,173.855224609375
1771450643.4265544,173.958251953125
1771450643.5223105,174.05322265625
1771450643.6245959,174.15771484375
1771450643.7264097,174.256591796875
1771450643.8278155,174.3603515625
1771450643.93056,174.460693359375
1771450644.0322008,174.5625
1771450644.1344736,174.666259765625
1771450644.2364292,174.767822265625
1771450644.3386576,174.864990234375
1771450644.4342568,174.9638671875
1771450644.5369718,175.06591796875
1771450644.6385462,175.1669921875
1771450644.7345424,175.265869140625
1771450644.8425548,175.371826171875
1771450644.944984,175.472412109375
1771450645.0462346,175.572265625
1771450645.1484087,175.675048828125
1771450645.2506278,175.779296875
1771450645.3526046,175.8818359375
1771450645.4488761,175.976318359375
1771450645.550224,176.0771484375
1771450645.6522634,176.18017578125
1771450645.754005,176.28271484375
1771450645.8564274,176.384521484375
1771450645.9582517,176.48388671875
1771450646.0605803,176.58740234375
1771450646.1565435,176.68408203125
1771450646.2633677,176.787841796875
1771450646.3603008,176.88671875
1771450646.4623528,176.988037109375
1771450646.5639071,177.090087890625
1771450646.6660728,177.194091796875
1771450646.755829,177.282470703125
1771450646.8645978,177.389892578125
1771450646.9665556,177.489013671875
1771450647.0681734,177.593505859375
1771450647.1640098,177.690185546875
1771450647.2661698,177.790283203125
1771450647.3681753,177.896240234375
1771450647.470132,177.994384765625
1771450647.571746,178.0966796875
1771450647.6682436,178.1943359375
1771450647.7694697,178.294677734375
1771450647.872196,178.397216796875
1771450647.9739223,178.497802734375
1771450648.0705411,178.592041015625
1771450648.1722186,178.6962890625
1771450648.2739465,178.798095703125
1771450648.376207,178.90185546875
1771450648.4776115,179.001708984375
1771450648.5735824,179.098388671875
1771450648.675783,179.201416015625
1771450648.7775438,179.30615234375
1771450648.879602,179.407470703125
1771450648.982361,179.5087890625
1771450649.07772,179.606201171875
1771450649.179487,179.707763671875
1771450649.2820308,179.810302734375
1771450649.384357,179.91064453125
1771450649.4862685,180.01318359375
1771450649.5816836,180.110595703125
1771450649.684107,180.216064453125
1771450649.7861986,180.3173828125
1771450649.8879821,180.41748046875
1771450649.9899783,180.51611328125
1771450650.0856676,180.614013671875
1771450650.1883538,180.716796875
1771450650.2900836,180.81982421875
1771450650.3920805,180.921142578125
1771450650.4938087,181.021484375
1771450650.5893266,181.1171875
1771450650.6922107,181.22021484375
1771450650.7943964,181.324462890625
1771450650.8966222,181.426025390625
1771450650.9982758,181.526123046875
1771450651.100484,181.626220703125
1771450651.1965303,181.724365234375
1771450651.2986872,181.82763671875
1771450651.3998544,181.928955078125
1771450651.5016437,182.02978515625
1771450651.5984876,182.126708984375
1771450651.7003956,182.22705078125
1771450651.8019829,182.32958984375
1771450651.9040513,182.42919921875
1771450652.0064316,182.531005859375
1771450652.1022587,182.626953125
1771450652.2047372,182.730712890625
1771450652.3065434,182.83154296875
1771450652.4078164,182.932373046875
1771450652.5105653,183.031982421875
1771450652.606501,183.128662109375
1771450652.7079213,183.23193359375
1771450652.8099675,183.331298828125
1771450652.9122143,183.43115234375
1771450653.0146415,183.531005859375
1771450653.1159954,183.634765625
1771450653.2182782,183.7333984375
1771450653.3143208,183.837158203125
1771450653.4158432,183.936279296875
1771450653.5178366,184.037109375
1771450653.6204426,184.1376953125
1771450653.7224202,184.2333984375
1771450653.8177395,184.337158203125
1771450653.9198458,184.43798828125
1771450654.0218356,184.53955078125
1771450654.123537,184.640625
1771450654.226496,184.74365234375
1771450654.3283422,184.841796875
1771450654.4241357,184.941162109375
1771450654.5262437,185.04248046875
1771450654.6283715,185.147216796875
1771450654.7296815,185.24853515625
1771450654.8325856,185.35400390625
1771450654.9281602,185.449462890625
1771450655.0300648,185.55078125
1771450655.1320496,185.654296875
1771450655.2340598,185.759033203125
1771450655.3357556,185.8603515625
1771450655.432189,185.954833984375
1771450655.5340858,186.05859375
1771450655.636598,186.1630859375
1771450655.738705,186.261962890625
1771450655.8344064,186.36376953125
1771450655.9361305,186.462890625
1771450656.03842,186.564453125
1771450656.1404421,186.66650390625
1771450656.2425392,186.7646484375
1771450656.3443549,186.872314453125
1771450656.446631,186.971923828125
1771450656.5486884,187.0751953125
1771450656.6445675,187.17138671875
1771450656.7465417,187.272705078125
1771450656.8486085,187.37744140625
1771450656.9501553,187.478759765625
1771450657.0520966,187.581298828125
1771450657.1544564,187.6845703125
1771450657.25015,187.78125
1771450657.3524196,187.883544921875
1771450657.4541762,187.985595703125
1771450657.556548,188.090087890625
1771450657.6585538,188.1943359375
1771450657.7597277,188.2919921875
1771450657.8628728,188.396240234375
1771450657.9581316,188.489501953125
1771450658.0602844,188.59130859375
1771450658.1623812,188.6943359375
1771450658.2638056,188.796875
1771450658.3666317,188.900634765625
1771450658.4686415,189.00048828125
1771450658.5697324,189.101318359375
1771450658.6657107,189.198974609375
1771450658.7675774,189.299560546875
1771450658.8703046,189.403076171875
1771450658.972359,189.499755859375
1771450659.07423,189.600830078125
1771450659.1697237,189.698486328125
1771450659.2718248,189.801513671875
1771450659.3743126,189.905029296875
1771450659.4761884,190.005126953125
1771450659.5777345,190.105712890625
1771450659.6795,190.206787109375
1771450659.776296,190.30224609375
1771450659.8779023,190.40234375
1771450659.9796293,190.504150390625
1771450660.0813968,190.605712890625
1771450660.178139,190.70361328125
1771450660.2798266,190.804443359375
1771450660.3825533,190.904541015625
1771450660.4842806,191.005126953125
1771450660.5865438,191.109619140625
1771450660.6875942,191.2138671875
1771450660.7843113,191.31005859375
1771450660.886337,191.410400390625
1771450660.9884374,191.5107421875
1771450661.0894797,191.607177734375
1771450661.1860576,191.71044921875
1771450661.2885144,191.8154296875
1771450661.389687,191.916015625
1771450661.4919012,192.015625
1771450661.5939114,192.116455078125
1771450661.695542,192.220703125
1771450661.7915187,192.315673828125
1771450661.8942432,192.418212890625
1771450661.996279,192.51708984375
1771450662.0980387,192.6201171875
1771450662.2004635,192.72216796875
1771450662.295969,192.81884765625
1771450662.3980634,192.918701171875
1771450662.4998233,193.02197265625
1771450662.601549,193.1220703125
1771450662.7042472,193.219482421875
1771450662.8000104,193.318603515625
1771450662.901733,193.4169921875
1771450663.0044255,193.5185546875
1771450663.1061926,193.62109375
1771450663.2019467,193.719970703125
1771450663.3036344,193.8212890625
1771450663.4063585,193.923095703125
1771450663.5081666,194.0224609375
1771450663.6098566,194.126220703125
1771450663.7062674,194.222900390625
1771450663.8083484,194.32666015625
1771450663.9100785,194.426513671875
1771450664.0118058,194.52587890625
1771450664.1135335,194.629150390625
1771450664.2162592,194.7275390625
1771450664.3115838,194.829833984375
1771450664.4135878,194.93017578125
1771450664.5160482,195.03173828125
1771450664.6183448,195.134033203125
1771450664.7082577,195.223876953125
1771450664.8155787,195.3310546875
1771450664.9177368,195.431884765625
1771450665.0197017,195.53076171875
1771450665.1217318,195.632568359375
1771450665.2235959,195.73681640625
1771450665.3196232,195.8369140625
1771450665.4223094,195.9384765625
1771450665.5240364,196.041748046875
1771450665.6257644,196.145751953125
1771450665.7274923,196.250244140625
1771450665.8242338,196.346435546875
1771450665.9259942,196.44677734375
1771450666.0277276,196.5478515625
1771450666.1294177,196.652099609375
1771450666.2256634,196.748779296875
1771450666.3280563,196.8505859375
1771450666.429786,196.95068359375
1771450666.5314274,197.051025390625
1771450666.634116,197.15576171875
1771450666.7299652,197.2548828125
1771450666.8317893,197.3583984375
1771450666.933949,197.45751953125
1771450667.0361671,197.5595703125
1771450667.1381211,197.66162109375
1771450667.2400742,197.760986328125
1771450667.3360906,197.863037109375
1771450667.4374437,197.966064453125
1771450667.540152,198.06689453125
1771450667.6417706,198.1689453125
1771450667.7380702,198.266845703125
1771450667.839798,198.369140625
1771450667.9415262,198.4697265625
1771450668.0442522,198.5712890625
1771450668.1460192,198.674072265625
1771450668.2417233,198.769287109375
1771450668.3434978,198.871826171875
1771450668.4457355,198.970947265625
1771450668.5482914,199.07421875
